Time [h],Current [A],Terminal voltage [V],Discharge capacity [A.h],X-averaged cell temperature [K]
0.0,0.0680616,3.8418396685651457,0.0,298.15
0.033333333333333326,0.0680616,3.8389364058720203,0.0022687200000000005,298.15
0.06666666666666665,0.0680616,3.8374318676457855,0.004537439999999999,298.15
0.09999999999999998,0.06806160000000001,3.835979956087257,0.00680616,298.15
0.1333333333333333,0.0680616,3.8345372711264343,0.009074879999999997,298.15
0.16666666666666663,0.0680616,3.833098519138929,0.011343599999999999,298.15
0.19999999999999996,0.0680616,3.8316628467266325,0.013612319999999999,298.15
0.23333333333333334,0.0680616,3.8302303084406413,0.01588104,298.15
0.2666666666666666,0.06806159999999999,3.828801262382555,0.018149759999999997,298.15
0.29999999999999993,0.06806159999999999,3.8273761681825023,0.02041847999999999,298.15
0.33333333333333326,0.0680616,3.8259555207319176,0.022687199999999994,298.15
0.36666666666666664,0.0680616,3.824539822260648,0.024955919999999996,298.15
0.3999999999999999,0.0680616,3.8231295704074943,0.02722463999999999,298.15
0.4333333333333333,0.0680616,3.8217252524201513,0.029493359999999993,298.15
0.4666666666666667,0.0680616,3.8203273419295134,0.03176208,298.15
0.49999999999999994,0.06806159999999999,3.8189362969348513,0.0340308,298.15
0.5333333333333332,0.0680616,3.8175525584509895,0.03629952,298.15
0.5666666666666667,0.0680616,3.816176554125163,0.03856824,298.15
0.5999999999999999,0.0680616,3.814808682220091,0.04083695999999999,298.15
0.6333333333333333,0.06806159999999999,3.8134493291391722,0.04310568000000001,298.15
0.6666666666666665,0.06806159999999999,3.812098861499636,0.04537440000000003,298.15
0.6999999999999998,0.06806160000000003,3.8107576266518173,0.04764312000000002,298.15
0.7333333333333333,0.06806159999999997,3.809425952728631,0.049911840000000034,298.15
0.7666666666666665,0.0680616,3.808104148795819,0.05218056000000002,298.15
0.7999999999999998,0.0680616,3.8067925050861087,0.05444928000000002,298.15
0.8333333333333334,0.0680616,3.805491293300135,0.05671800000000003,298.15
0.8666666666666666,0.0680616,3.8042007670514626,0.05898672000000004,298.15
0.8999999999999999,0.0680616,3.802921161906975,0.061255440000000036,298.15
0.9333333333333333,0.0680616,3.8016526963475785,0.06352416000000007,298.15
0.9666666666666666,0.0680616,3.800395571875422,0.06579288000000004,298.15
0.9999999999999999,0.0680616,3.799149973578684,0.06806160000000007,298.15
1.0333333333333332,0.0680616,3.7979160706240616,0.07033032000000007,298.15
1.0666666666666664,0.0680616,3.796694016759306,0.07259904000000007,298.15
1.1,0.0680616,3.795483950821915,0.07486776000000009,298.15
1.1333333333333333,0.0680616,3.794285997250631,0.07713648000000005,298.15
1.1666666666666667,0.0680616,3.7931002665968814,0.07940520000000004,298.15
1.1999999999999997,0.0680616,3.7919268562886574,0.08167392000000002,298.15
1.2333333333333332,0.0680616,3.7907658504387585,0.08394264000000003,298.15
1.2666666666666666,0.0680616,3.78961732086793,0.08621136000000003,298.15
1.2999999999999998,0.0680616,3.788481327617053,0.08848008000000003,298.15
1.333333333333333,0.0680616,3.7873579193197817,0.09074880000000002,298.15
1.3666666666666667,0.0680616,3.786247133674981,0.09301751999999999,298.15
1.3999999999999997,0.0680616,3.785148997906311,0.09528624,298.15
1.4333333333333331,0.0680616,3.78406352920945,0.09755496,298.15
1.4666666666666666,0.0680616,3.7829907351863596,0.09982367999999996,298.15
1.4999999999999998,0.0680616,3.7819306142660136,0.10209239999999993,298.15
1.533333333333333,0.06806160000000001,3.7808831561110248,0.10436111999999992,298.15
1.5666666666666664,0.0680616,3.779848342009668,0.1066298399999999,298.15
1.5999999999999996,0.0680616,3.7788261452528387,0.1088985599999999,298.15
1.6333333333333333,0.0680616,3.7778165314955463,0.1111672799999999,298.15
1.6666666666666667,0.0680616,3.7768194591025988,0.11343599999999988,298.15
1.6999999999999997,0.0680616,3.7758348794781824,0.11570471999999984,298.15
1.7333333333333332,0.0680616,3.774862737379158,0.11797343999999986,298.15
1.7666666666666664,0.0680616,3.7739029712119603,0.12024215999999983,298.15
1.7999999999999998,0.06806159999999999,3.7729555133131654,0.12251087999999978,298.15
1.8333333333333333,0.06806160000000001,3.7720202902139404,0.12477959999999978,298.15
1.8666666666666667,0.06806160000000001,3.771097222888863,0.12704831999999977,298.15
1.8999999999999997,0.0680616,3.7701862269898756,0.1293170399999998,298.15
1.9333333333333331,0.0680616,3.769287213066533,0.13158575999999977,298.15
1.9666666666666663,0.06806160000000001,3.7684000867741605,0.13385447999999978,298.15
1.9999999999999998,0.06806159999999999,3.7675247490627055,0.13612319999999978,298.15
2.033333333333333,0.06806160000000003,3.766661096396292,0.13839191999999975,298.15
2.0666666666666664,0.0680616,3.765809020909968,0.14066063999999975,298.15
2.0999999999999996,0.0680616,3.7649684106110053,0.14292935999999976,298.15
2.133333333333333,0.06806159999999997,3.7641391495707937,0.14519807999999973,298.15
2.1666666666666665,0.0680616,3.763321117889578,0.14746679999999976,298.15
2.2,0.06806160000000001,3.76251419284492,0.14973551999999976,298.15
2.233333333333333,0.0680616,3.7617182477889437,0.1520042399999997,298.15
2.2666666666666666,0.0680616,3.7609331532894017,0.1542729599999997,298.15
2.2999999999999994,0.0680616,3.760158777235114,0.15654167999999974,298.15
2.3333333333333335,0.0680616,3.759394985183365,0.1588103999999997,298.15
2.3666666666666667,0.0680616,3.7586416408763927,0.16107911999999971,298.15
2.3999999999999995,0.0680616,3.7578986058651336,0.16334783999999974,298.15
2.4333333333333327,0.06806159999999999,3.7571657412743478,0.1656165599999998,298.15
2.4666666666666663,0.0680616,3.7564429072391823,0.16788527999999978,298.15
2.4999999999999996,0.0680616,3.755729963588969,0.17015399999999978,298.15
2.533333333333333,0.06806160000000001,3.7550267703759617,0.1724227199999998,298.15
2.566666666666667,0.0680616,3.754333188070768,0.17469143999999975,298.15
2.5999999999999996,0.0680616,3.7536490779664944,0.17696015999999973,298.15
2.633333333333333,0.0680616,3.7529743023862534,0.1792288799999997,298.15
2.666666666666666,0.0680616,3.7523087248084326,0.1814975999999997,298.15
2.7,0.0680616,3.7516522097773315,0.18376631999999976,298.15
2.7333333333333334,0.06806160000000001,3.7510046232668293,0.1860350399999998,298.15
2.766666666666666,0.0680616,3.750365831942822,0.1883037599999997,298.15
2.7999999999999994,0.06806159999999999,3.7497356954546572,0.1905724799999997,298.15
2.833333333333333,0.0680616,3.7491140884727914,0.19284119999999974,298.15
2.8666666666666663,0.0680616,3.748500879206649,0.19510991999999971,298.15
2.9,0.0680616,3.747895935180864,0.19737863999999972,298.15
2.933333333333333,0.0680616,3.7472991232240758,0.19964735999999972,298.15
2.9666666666666663,0.0680616,3.746710308987577,0.20191607999999972,298.15
2.9999999999999996,0.0680616,3.7461293564975744,0.20418479999999975,298.15
3.0333333333333328,0.0680616,3.7455561277031384,0.20645351999999978,298.15
3.066666666666666,0.0680616,3.744990482016919,0.20872223999999975,298.15
3.1,0.0680616,3.744432275841599,0.21099095999999978,298.15
3.133333333333333,0.0680616,3.7438813620726203,0.21325967999999978,298.15
3.166666666666666,0.0680616,3.743337589564984,0.21552839999999981,298.15
3.1999999999999993,0.0680616,3.742800802549274,0.21779711999999982,298.15
3.233333333333333,0.06806159999999999,3.742270839979247,0.22006583999999985,298.15
3.2666666666666666,0.0680616,3.7417475347903713,0.22233455999999982,298.15
3.3,0.0680616,3.741230713045239,0.22460327999999985,298.15
3.3333333333333335,0.0680616,3.7407201929376894,0.22687199999999982,298.15
3.3666666666666667,0.0680616,3.740215783622491,0.22914071999999988,298.15
3.3999999999999995,0.0680616,3.739717283831283,0.23140943999999983,298.15
3.4333333333333327,0.0680616,3.739224480227945,0.2336781599999998,298.15
3.4666666666666663,0.06806159999999997,3.738737145447359,0.2359468799999998,298.15
3.4999999999999996,0.06806159999999997,3.7382550357504543,0.23821559999999983,298.15
3.5333333333333328,0.06806160000000001,3.737777888215331,0.24048431999999983,298.15
3.566666666666666,0.0680616,3.737305417369147,0.24275303999999984,298.15
3.5999999999999996,0.06806159999999999,3.73683731114875,0.24502175999999987,298.15
3.633333333333333,0.06806160000000003,3.736373226060627,0.24729047999999992,298.15
3.6666666666666665,0.0680616,3.735912781394675,0.2495591999999999,298.15
3.7,0.0680616,3.735455552335045,0.2518279199999999,298.15
3.7333333333333334,0.06806159999999992,3.735001061810919,0.25409664,298.15
3.766666666666666,0.0680616,3.734548770949779,0.25636535999999993,298.15
3.7999999999999994,0.06806160000000011,3.7340980680490894,0.2586340799999999,298.15
3.833333333333333,0.0680616,3.7336482564470317,0.2609027999999999,298.15
3.8666666666666663,0.0680616,3.7331985409080755,0.2631715199999999,298.15
3.8999999999999995,0.0680616,3.7327480104614863,0.2654402399999998,298.15
3.9333333333333327,0.06806160000000001,3.7322956272689423,0.26770895999999983,298.15
3.9666666666666663,0.0680616,3.731840212044057,0.2699776799999998,298.15
3.9999999999999996,0.0680616,3.731380433719856,0.2722463999999997,298.15
4.033333333333333,0.0680616,3.7309148038968196,0.2745151199999997,298.15
4.066666666666666,0.0680616,3.73044167778533,0.2767838399999997,298.15
4.099999999999999,0.0680616,3.7299592627194875,0.2790525599999997,298.15
4.133333333333333,0.0680616,3.7294656341771697,0.28132127999999984,298.15
4.166666666666666,0.0680616,3.728958757932269,0.28358999999999984,298.15
4.199999999999999,0.0680616,3.7284365159937845,0.28585871999999984,298.15
4.2333333333333325,0.0680616,3.7278967338126305,0.28812743999999985,298.15
4.266666666666666,0.0680616,3.7273372069686226,0.2903961599999999,298.15
4.3,0.0680616,3.726755726856276,0.29266487999999996,298.15
4.333333333333333,0.0680616,3.726150094131357,0.2949336000000001,298.15
4.366666666666666,0.0680616,3.725518187449546,0.29720232,298.15
4.4,0.06806160000000003,3.7248579459525937,0.29947104,298.15
4.433333333333334,0.0680616,3.7241674238231983,0.30173976,298.15
4.466666666666666,0.06806160000000001,3.723444837886131,0.30400848,298.15
4.499999999999999,0.06806160000000004,3.7226886157938615,0.3062772000000001,298.15
4.533333333333333,0.0680616,3.7218974599783867,0.30854592000000014,298.15
4.5666666666666655,0.0680616,3.7210704043328597,0.31081464000000003,298.15
4.599999999999999,0.0680616,3.7202068988729624,0.31308336,298.15
4.633333333333332,0.0680616,3.7193068771266145,0.31535208000000003,298.15
4.666666666666667,0.06806159999999999,3.7183708212485436,0.3176208,298.15
4.7,0.0680616,3.717399843177968,0.31988952,298.15
4.733333333333333,0.0680616,3.7163957104271206,0.32215823999999993,298.15
4.766666666666667,0.0680616,3.7153608865572743,0.32442695999999993,298.15
4.799999999999999,0.0680616,3.714298535938237,0.32669567999999993,298.15
4.833333333333332,0.06806159999999999,3.713212500455164,0.32896440000000005,298.15
4.866666666666665,0.06806159999999997,3.7121072475402204,0.33123312000000005,298.15
4.899999999999999,0.06806159999999997,3.7109877841497636,0.33350184000000005,298.15
4.933333333333333,0.0680616,3.7098595417887394,0.33577056000000005,298.15
4.966666666666666,0.0680616,3.7087282541154702,0.33803927999999994,298.15
4.999999999999999,0.0680616,3.7075997688918085,0.340308,298.15
5.033333333333333,0.0680616,3.706479977970137,0.34257672000000006,298.15
5.066666666666666,0.06806159999999999,3.7053745127527,0.34484544000000006,298.15
5.1,0.0680616,3.704288715272648,0.3471141599999999,298.15
5.133333333333334,0.0680616,3.7032274531512703,0.34938287999999995,298.15
5.166666666666666,0.0680616,3.702195031597387,0.35165159999999984,298.15
5.199999999999999,0.0680616,3.7011951091737245,0.35392031999999984,298.15
5.2333333333333325,0.0680616,3.7002306514689116,0.35618903999999985,298.15
5.266666666666666,0.06806159999999999,3.69930391335293,0.3584577599999999,298.15
5.299999999999999,0.06806160000000015,3.69841646113427,0.36072648000000007,298.15
5.333333333333332,0.06806160000000003,3.697569187181165,0.3629952,298.15
5.366666666666665,0.0680616,3.6967623756484587,0.3652639200000001,298.15
5.4,0.0680616,3.69599576884411,0.36753264,298.15
5.433333333333334,0.0680616,3.6952686409147826,0.36980136,298.15
5.466666666666667,0.0680616,3.6945798803311063,0.37207008,298.15
5.5,0.0680616,3.6939280457616124,0.3743388,298.15
5.533333333333332,0.0680616,3.6933114660011106,0.37660752,298.15
5.5666666666666655,0.06806160000000001,3.6927282958006122,0.37887624000000003,298.15
5.599999999999999,0.0680616,3.6921765771654056,0.38114496,298.15
5.633333333333332,0.0680616,3.691654292081327,0.38341368,298.15
5.666666666666666,0.0680616,3.691159407019369,0.38568240000000004,298.15
5.699999999999999,0.0680616,3.6906899095794308,0.38795112000000015,298.15
5.7333333333333325,0.0680616,3.690243837830546,0.3902198400000001,298.15
5.766666666666666,0.0680616,3.689819303054734,0.39248856000000015,298.15
5.8,0.0680616,3.689414506675889,0.3947572800000002,298.15
5.833333333333333,0.0680616,3.6890277521673838,0.3970260000000001,298.15
5.866666666666666,0.0680616,3.6886574499223035,0.39929472000000005,298.15
5.899999999999999,0.0680616,3.6883021309234145,0.40156344,298.15
5.933333333333333,0.0680616,3.687960435194114,0.40383216000000005,298.15
5.966666666666666,0.0680616,3.6876311205516603,0.4061008800000001,298.15
5.999999999999999,0.0680616,3.687313053346501,0.40836960000000017,298.15
6.033333333333332,0.0680616,3.687005206581489,0.41063832000000017,298.15
6.0666666666666655,0.0680616,3.6867066547380154,0.41290704000000006,298.15
6.099999999999999,0.0680616,3.6864165661849486,0.41517576000000017,298.15
6.133333333333332,0.06806159999999999,3.686134199474577,0.41744448,298.15
6.166666666666667,0.06806160000000001,3.6858588951367417,0.4197132,298.15
6.2,0.0680616,3.685590071782163,0.42198191999999995,298.15
6.2333333333333325,0.0680616,3.6853272123555816,0.42425063999999996,298.15
6.266666666666666,0.0680616,3.6850698654519216,0.42651935999999996,298.15
6.299999999999999,0.0680616,3.684817637199117,0.42878808000000007,298.15
6.333333333333332,0.0680616,3.684570185912071,0.43105679999999996,298.15
6.366666666666665,0.0680616,3.6843272172477164,0.4333255200000001,298.15
6.399999999999999,0.06806159999999999,3.684088479794892,0.43559423999999997,298.15
6.433333333333333,0.0680616,3.6838537610857633,0.4378629599999999,298.15
6.466666666666666,0.0680616,3.6836228840100715,0.4401316799999999,298.15
6.499999999999999,0.0680616,3.6833957036052944,0.4424004,298.15
6.533333333333333,0.06806159999999999,3.68317210419077,0.44466912000000003,298.15
6.566666666666666,0.0680616,3.6829519968115645,0.44693784000000014,298.15
6.6,0.0680616,3.6827353169575954,0.44920656000000014,298.15
6.633333333333334,0.0680616,3.6825220225975386,0.45147528000000015,298.15
6.666666666666667,0.0680616,3.682312092807869,0.4537440000000002,298.15
6.7,0.0680616,3.6821055234829707,0.4560127200000004,298.15
6.733333333333333,0.0680616,3.6819023306424516,0.4582814400000005,298.15
6.766666666666666,0.06806159999999997,3.6817025452487715,0.4605501600000004,298.15
6.799999999999999,0.06806159999999994,3.681506212810045,0.4628188800000004,298.15
6.833333333333332,0.0680616,3.681313392905529,0.4650876000000005,298.15
6.866666666666665,0.0680616,3.6811241571281634,0.46735632000000066,298.15
6.899999999999999,0.0680616,3.6809385891538655,0.46962504000000055,298.15
6.933333333333333,0.0680616,3.6807567829759624,0.47189376000000055,298.15
6.966666666666666,0.0680616,3.6805788420637695,0.4741624800000006,298.15
6.999999999999999,0.0680616,3.6804048782654157,0.47643120000000067,298.15
7.033333333333332,0.0680616,3.680235010571828,0.4786999200000006,298.15
7.0666666666666655,0.0680616,3.680069363621629,0.4809686400000005,298.15
7.099999999999999,0.0680616,3.679908065756659,0.4832373600000004,298.15
7.133333333333332,0.0680616,3.6797512463248427,0.48550608000000034,298.15
7.166666666666666,0.0680616,3.6795990317626805,0.48777480000000034,298.15
7.199999999999999,0.0680616,3.679451539700741,0.49004352000000034,298.15
7.2333333333333325,0.0680616,3.6793088699938,0.49231224000000035,298.15
7.266666666666666,0.0680616,3.679171091043347,0.4945809600000004,298.15
7.3,0.0680616,3.6790382192378375,0.49684968000000035,298.15
7.333333333333333,0.06806160000000001,3.6789101889997444,0.4991184000000003,298.15
7.366666666666666,0.0680616,3.6787868115188314,0.5013871200000003,298.15
7.4,0.0680616,3.678667723139822,0.5036558400000003,298.15
7.433333333333334,0.0680616,3.6785523314227526,0.5059245600000003,298.15
7.466666666666667,0.0680616,3.678439778727862,0.5081932800000003,298.15
7.499999999999999,0.0680616,3.678328954868801,0.5104620000000001,298.15
7.533333333333332,0.0680616,3.678218587665272,0.5127307200000002,298.15
7.5666666666666655,0.0680616,3.6781074078090192,0.5149994400000004,298.15
7.599999999999999,0.0680616,3.6779943326711773,0.5172681600000004,298.15
7.633333333333332,0.0680616,3.677878589698767,0.5195368800000003,298.15
7.666666666666666,0.0680616,3.6777597376988536,0.5218056000000005,298.15
7.699999999999999,0.0680616,3.6776376066386165,0.5240743200000008,298.15
7.7333333333333325,0.0680616,3.677512205536176,0.5263430400000008,298.15
7.766666666666666,0.0680616,3.6773836367587798,0.5286117600000007,298.15
7.799999999999999,0.0680616,3.6772520321080875,0.5308804800000007,298.15
7.833333333333332,0.0680616,3.677117633874011,0.5331492000000005,298.15
7.866666666666665,0.06806160000000003,3.676980404656056,0.5354179200000004,298.15
7.899999999999999,0.0680616,3.676840371741465,0.5376866400000007,298.15
7.933333333333333,0.0680616,3.676697510100246,0.5399553600000009,298.15
7.966666666666666,0.06806160000000003,3.6765517359390008,0.542224080000001,298.15
7.999999999999999,0.06806160000000001,3.6764029057644834,0.544492800000001,298.15
8.033333333333333,0.06806159999999999,3.6762508151893116,0.546761520000001,298.15
8.066666666666666,0.0680616,3.676095196863476,0.5490302400000009,298.15
8.1,0.06806159999999999,3.6759357170429383,0.5512989600000011,298.15
8.133333333333333,0.06806159999999997,3.6757719703618714,0.5535676800000011,298.15
8.166666666666666,0.06806160000000001,3.6756034723482833,0.5558364000000012,298.15
8.199999999999998,0.06806159999999997,3.6754296491269325,0.5581051200000012,298.15
8.23333333333333,0.06806159999999999,3.6752498235866287,0.5603738400000012,298.15
8.266666666666666,0.06806160000000001,3.6750631970518093,0.5626425600000015,298.15
8.299999999999999,0.0680616,3.6748688252005146,0.5649112800000016,298.15
8.333333333333332,0.0680616,3.674665586653124,0.5671800000000016,298.15
8.366666666666665,0.06806160000000004,3.6744521424376093,0.5694487200000017,298.15
8.399999999999999,0.0680616,3.674226884693688,0.5717174400000017,298.15
8.433333333333332,0.0680616,3.673987874056121,0.5739861600000017,298.15
8.466666666666665,0.06806160000000001,3.6737326675942255,0.5762548800000016,298.15
8.499999999999998,0.06806159999999997,3.673458563961399,0.5785236000000016,298.15
8.533333333333331,0.0680616,3.6731622268306303,0.5807923200000015,298.15
8.566666666666666,0.06806160000000001,3.672839763082596,0.5830610400000016,298.15
8.6,0.0680616,3.6724867799650065,0.5853297600000016,298.15
8.633333333333333,0.0680616,3.6720985114866282,0.5875984800000014,298.15
8.666666666666666,0.0680616,3.671669992563446,0.5898672000000014,298.15
8.7,0.06806160000000001,3.6711962201407435,0.5921359200000015,298.15
8.733333333333333,0.06806159999999994,3.6706722393942264,0.5944046400000015,298.15
8.766666666666666,0.0680616,3.67009312424011,0.5966733600000015,298.15
8.8,0.0680616,3.669453889542068,0.5989420800000015,298.15
8.833333333333334,0.0680616,3.668749333015125,0.6012108000000015,298.15
8.866666666666667,0.0680616,3.667973902008315,0.6034795200000015,298.15
8.899999999999999,0.0680616,3.667121552511251,0.6057482400000013,298.15
8.933333333333332,0.0680616,3.6661856177044583,0.6080169600000013,298.15
8.966666666666665,0.0680616,3.665158669114765,0.6102856800000013,298.15
8.999999999999998,0.0680616,3.664032410296402,0.6125544000000013,298.15
9.033333333333331,0.0680616,3.6627974956239098,0.6148231200000012,298.15
9.066666666666666,0.0680616,3.6614433807911495,0.6170918400000013,298.15
9.1,0.0680616,3.6599581407582975,0.6193605600000013,298.15
9.133333333333331,0.0680616,3.658328265591677,0.6216292800000011,298.15
9.166666666666664,0.0680616,3.656538433266418,0.6238980000000013,298.15
9.199999999999998,0.0680616,3.6545712577694225,0.6261667200000012,298.15
9.23333333333333,0.0680616,3.6524070118730205,0.6284354400000012,298.15
9.266666666666664,0.0680616,3.6500233234800117,0.6307041600000011,298.15
9.3,0.0680616,3.6473948502259983,0.6329728800000011,298.15
9.333333333333334,0.06806160000000006,3.6444929287608736,0.6352416000000009,298.15
9.366666666666667,0.06806159999999996,3.6412851493225142,0.6375103200000009,298.15
9.4,0.0680616,3.637735020371153,0.6397790400000009,298.15
9.433333333333334,0.0680616,3.633801434151245,0.6420477600000007,298.15
9.466666666666667,0.0680616,3.6294381834501364,0.6443164800000007,298.15
9.5,0.06806159999999986,3.624593391305287,0.6465852000000007,298.15
9.533333333333333,0.0680616,3.619208820834137,0.6488539200000008,298.15
9.566666666666666,0.0680616,3.6132192060338757,0.6511226400000009,298.15
9.599999999999998,0.0680616,3.606551355193964,0.6533913600000008,298.15
9.633333333333331,0.0680616,3.599123271218635,0.6556600800000008,298.15
9.666666666666664,0.0680616,3.5908431559752865,0.657928800000001,298.15
9.699999999999998,0.06806160000000001,3.5816083548811593,0.660197520000001,298.15
9.73333333333333,0.06806159999999999,3.5713042511545248,0.6624662400000011,298.15
9.766666666666664,0.0680616,3.5598031181423404,0.6647349600000011,298.15
9.799999999999997,0.06806159999999967,3.5469629492419767,0.6670036800000012,298.15
9.833333333333332,0.0680616,3.532626271693438,0.6692724000000013,298.15
9.866666666666665,0.06806159999999999,3.5166190230110947,0.6715411200000014,298.15
9.899999999999999,0.0680616,3.498749441293149,0.6738098400000014,298.15
9.933333333333332,0.0680616,3.4788071281447395,0.6760785600000012,298.15
9.966666666666665,0.0680616,3.456562293474744,0.6783472800000012,298.15
9.999999999999998,0.06806160000000001,3.431765296227216,0.6806160000000016,298.15
10.033333333333333,0.06806160000000003,3.4041465887855713,0.6828847200000014,298.15
10.066666666666666,0.06806159999999999,3.3734171890570184,0.6851534400000017,298.15
10.1,0.06806159999999997,3.3392698485265258,0.6874221600000017,298.15
10.133333333333333,0.0680616,3.301381062261622,0.6896908800000016,298.15
10.166666666666666,1.3593667965571527e-24,3.344452483787692,0.6896908800000016,298.15
10.2,3.6515261982131465e-23,3.345583869105386,0.6896908800000016,298.15
10.233333333333333,-1.577896415566183e-16,3.3457516194802426,0.6896908800000016,298.15
10.266666666666667,1.3696541063694082e-18,3.3457934437749004,0.6896908800000016,298.15
10.3,-5.724645042024447e-18,3.345808699469838,0.6896908800000016,298.15
10.333333333333334,-6.291902939808129e-20,3.3458150545422796,0.6896908800000016,298.15
10.366666666666667,-1.7990835532544422e-22,3.3458179762963094,0.6896908800000016,298.15
10.4,-3.6795101390963926e-24,3.3458194081474057,0.6896908800000016,298.15
10.433333333333334,2.3597226328554394e-23,3.34582012328989,0.6896908800000016,298.15
10.466666666666667,3.3701429089359005e-23,3.3458205608332414,0.6896908800000016,298.15
10.5,-2.2086183024807955e-23,3.3458208395695768,0.6896908800000016,298.15
10.533333333333333,-1.6399659758528831e-24,3.3458210333501888,0.6896908800000016,298.15
10.566666666666666,-1.55209020516362e-17,3.345821159227526,0.6896908800000016,298.15
10.6,-1.2876550635500761e-17,3.345821242865548,0.6896908800000016,298.15
10.633333333333331,-2.5465049175524284e-18,3.345821299188719,0.6896908800000016,298.15
10.666666666666664,2.6172148255640716e-18,3.3458213374125436,0.6896908800000016,298.15
10.699999999999998,6.384947566546419e-19,3.345821363467665,0.6896908800000016,298.15
10.73333333333333,-4.542121923540908e-19,3.345821381272194,0.6896908800000016,298.15
10.766666666666664,3.572055551184605e-19,3.3458213934557692,0.6896908800000016,298.15
10.8,7.604097876029419e-19,3.345821401799521,0.6896908800000016,298.15
10.833333333333334,-3.316593631054464e-19,3.3458214075161714,0.6896908800000016,298.15
10.866666666666667,-7.43014723093205e-19,3.3458214114338953,0.6896908800000016,298.15
10.9,-4.1055160531566455e-19,3.345821414119187,0.6896908800000016,298.15
10.933333333333334,6.272425992623925e-20,3.345821415959912,0.6896908800000016,298.15
10.966666666666667,-4.436379081337098e-19,3.3458214172217673,0.6896908800000016,298.15
11.0,-3.815871871886287e-20,3.345821418086837,0.6896908800000016,298.15
11.033333333333333,8.670644029796144e-20,3.3458214186799013,0.6896908800000016,298.15
11.066666666666666,-4.391097115180021e-20,3.3458214190864974,0.6896908800000016,298.15
11.1,-2.396208942044155e-20,3.3458214193514015,0.6896908800000016,298.15
11.133333333333333,4.170214369031595e-20,3.3458214195468816,0.6896908800000016,298.15
11.166666666666666,-0.9999999999999967,3.8064781598568507,0.6563575466666796,298.15
11.2,-1.0000000000000007,3.8222204513128903,0.6230242133333459,298.15
11.233333333333333,-1.0,3.822530944975937,0.5896908800000188,298.15
11.266666666666667,-0.9999999999999998,3.82184674050011,0.5563575466666776,298.15
11.3,-1.0,3.82218674423517,0.5230242133333421,298.15
11.333333333333334,-1.0000000000000002,3.8237683340896758,0.4896908800000101,298.15
11.366666666666667,-0.9999999999999998,3.826824957716081,0.45635754666667816,298.15
11.4,-1.0000000000000002,3.831693258822585,0.4230242133333482,298.15
11.433333333333334,-1.0,3.8391629256717947,0.3896908800000126,298.15
11.466666666666667,-1.0,3.8478736727362346,0.3563575466666702,298.15
11.5,-1.0,3.853735853174505,0.32302421333333203,298.15
11.533333333333331,-1.0,3.858840651424352,0.28969087999999854,298.15
11.566666666666666,-1.0,3.8647187166629453,0.25635754666666627,298.15
11.6,-1.0,3.8721405793200776,0.223024213333337,298.15
11.633333333333333,-1.0,3.8816724661335194,0.18969088000000214,298.15
11.666666666666666,-1.0,3.8937916070921554,0.15635754666666798,298.15
11.7,-1.0,3.9088609340007863,0.12302421333333327,298.15
11.733333333333333,-0.9999999999999998,3.927059493698837,0.08969087999999853,298.15
11.766666666666667,-1.0,3.948225337169986,0.05635754666666296,298.15
11.8,-0.9999999999999998,3.9716132846528662,0.02302421333333337,298.15
11.833333333333334,-0.9999999999999998,3.9959479269666223,-0.010309120000001056,298.15
11.866666666666667,-1.0,4.02272464492963,-0.04364245333332993,298.15
11.9,-1.0,4.079062865320955,-0.07697578666666113,298.15
11.933333333333334,-0.6411964696769364,4.1,-0.10577422035598294,298.15
11.966666666666667,-0.4058245788546198,4.099999999999997,-0.12282663475903442,298.15
12.0,-0.27441290033230586,4.1000000000000005,-0.13396565009439068,298.15
12.033333333333333,-0.19587188534349972,4.1000000000000005,-0.1417004744050733,298.15
12.066666666666666,-0.14558154841760912,4.1,-0.1473340230855448,298.15
12.1,-0.1114666739816224,4.1,-0.1515831018591615,298.15
12.133333333333333,-0.08725342124540245,4.1000000000000005,-0.15487196208485837,298.15
12.166666666666666,-0.06944307067807771,4.1,-0.15746949707925909,298.15
12.2,-0.055989357873651995,4.1,-0.15954999967923952,298.15
12.233333333333333,-9.140998551063483e-24,4.088794263151765,-0.15954999967923952,298.15
12.266666666666667,5.881812046258108e-18,4.088431844138527,-0.15954999967923952,298.15
12.3,5.19431259703569e-18,4.088305229792786,-0.15954999967923952,298.15
12.333333333333334,1.758094558140971e-18,4.088252373298815,-0.15954999967923952,298.15
12.366666666666667,-2.024794068776645e-17,4.088227975863461,-0.15954999967923952,298.15
12.4,-1.867568964186579e-18,4.088215715791952,-0.15954999967923952,298.15
12.433333333333334,5.870714850371743e-22,4.088208825806717,-0.15954999967923952,298.15
12.466666666666667,4.898116355112716e-22,4.088204588133727,-0.15954999967923952,298.15
12.5,-1.4657708957477184e-22,4.088201757505569,-0.15954999967923952,298.15
12.533333333333333,7.810254404402079e-24,4.0881997559127345,-0.15954999967923952,298.15
12.566666666666666,-7.210555117311785e-23,4.088198287594205,-0.15954999967923952,298.15
12.6,-4.952900952309273e-21,4.088197228218934,-0.15954999967923952,298.15
12.633333333333333,-1.2591008189412744e-20,4.088196407478675,-0.15954999967923952,298.15
12.666666666666668,-1.9228091897412788e-21,4.088195765927722,-0.15954999967923952,298.15
12.7,5.605044818063712e-21,4.088195260709681,-0.15954999967923952,298.15
12.73333333333333,1.5139625154728615e-18,4.0881948458331525,-0.15954999967923952,298.15
12.766666666666667,7.249867810945307e-19,4.088194518790096,-0.15954999967923952,298.15
12.799999999999997,9.71619295659408e-19,4.088194259338687,-0.15954999967923952,298.15
12.833333333333334,-7.04456340489662e-19,4.088194052339443,-0.15954999967923952,298.15
12.866666666666665,8.074071697784201e-19,4.088193886350152,-0.15954999967923952,298.15
12.9,1.53487490066412e-18,4.0881937526436,-0.15954999967923952,298.15
12.933333333333332,1.9022757486588515e-18,4.0881936445083555,-0.15954999967923952,298.15
12.966666666666667,-5.957054283598985e-19,4.088193556743542,-0.15954999967923952,298.15
12.999999999999998,-1.8507032566484327e-18,4.088193485289845,-0.15954999967923952,298.15
13.033333333333333,-5.832184075613603e-19,4.088193426957572,-0.15954999967923952,298.15
13.066666666666666,4.5897995214876273e-20,4.088193379224617,-0.15954999967923952,298.15
13.1,-4.92947304883473e-19,4.088193340085188,-0.15954999967923952,298.15
13.133333333333333,-1.5199926254097327e-18,4.088193307935662,-0.15954999967923952,298.15
13.166666666666666,8.904134166864215e-19,4.088193281487805,-0.15954999967923952,298.15
13.2,9.509134058154321e-19,4.088193259702294,-0.15954999967923952,298.15
13.23333333333333,0.06806160000000003,4.071260144713263,-0.15728127967923844,298.15
13.266666666666667,0.06806159999999992,4.067084146096242,-0.15501255967923835,298.15
13.299999999999997,0.06806159999999999,4.062835571525548,-0.15274383967923838,298.15
13.333333333333334,0.0680616,4.058334771442306,-0.1504751196792383,298.15
13.366666666666665,0.0680616,4.0535295642386435,-0.14820639967923813,298.15
13.4,0.06806159999999997,4.048399716962544,-0.1459376796792383,298.15
13.433333333333332,0.0680616,4.042937929483305,-0.14366895967923854,298.15
13.466666666666667,0.06806160000000014,4.037144473101328,-0.14140023967923845,298.15
13.499999999999998,0.06806159999999999,4.031024744711957,-0.13913151967923823,298.15
13.533333333333333,0.06806160000000028,4.024588625357046,-0.13686279967923815,298.15
13.566666666666665,0.06806160000000029,4.017850595032857,-0.1345940796792383,298.15
13.6,0.06806160000000001,4.010830466150151,-0.13232535967923845,298.15
13.633333333333331,0.06806160000000001,4.0035549846589,-0.13005663967923856,298.15
13.666666666666666,0.0680616,3.996060078597795,-0.12778791967923853,298.15
13.699999999999998,0.06806160000000001,3.988393440979948,-0.1255191996792385,298.15
13.733333333333333,0.06806159999999971,3.980616800322837,-0.12325047967923874,298.15
13.766666666666664,0.0680616,3.9728065864761892,-0.12098175967923877,298.15
13.8,0.0680616,3.965052298607151,-0.11871303967923834,298.15
13.833333333333334,0.0680616,3.9574516573956053,-0.1164443196792382,298.15
13.866666666666667,0.0680616,3.950103079980961,-0.11417559967923874,298.15
13.9,0.06806160000000001,3.9430968317032997,-0.11190687967923861,298.15
13.933333333333334,0.0680616,3.936506851951121,-0.10963815967923828,298.15
13.966666666666667,0.0680616,3.9303851086684145,-0.10736943967923888,298.15
13.999999999999998,0.0680616,3.9247594608511305,-0.10510071967923885,298.15
14.033333333333333,0.06806160000000015,3.919634940897895,-0.10283199967923862,298.15
14.066666666666665,0.0680616,3.914997469087509,-0.10056327967923832,298.15
14.1,0.0680616,3.910818881107811,-0.09829455967923796,298.15
14.133333333333331,0.0680616,3.9070619090335885,-0.09602583967923851,298.15
14.166666666666666,0.0680616,3.903684613664515,-0.09375711967923828,298.15
14.199999999999998,0.0680616,3.900643781639292,-0.0914883996792382,298.15
14.233333333333333,0.0680616,3.897897303932669,-0.08921967967923822,298.15
14.266666666666664,0.06806159999999999,3.8954056658492813,-0.08695095967923804,298.15
14.3,0.0680616,3.893132748766154,-0.08468223967923758,298.15
14.333333333333332,0.0680616,3.8910461534373493,-0.08241351967923753,298.15
14.366666666666667,0.06806160000000001,3.889117201803331,-0.0801447996792373,298.15
14.399999999999999,0.06806159999999987,3.8873207576896083,-0.07787607967923729,298.15
14.433333333333334,0.0680616,3.8856349371971426,-0.07560735967923744,298.15
14.466666666666665,0.0680616,3.884040800374327,-0.07333863967923746,298.15
14.5,0.0680616,3.882522009925126,-0.07106991967923747,298.15
14.533333333333331,0.0680615999999999,3.8810645256662193,-0.06880119967923765,298.15
14.566666666666666,0.06806159999999983,3.8796563140005067,-0.06653247967923771,298.15
14.6,0.0680616,3.878287081552742,-0.06426375967923795,298.15
14.633333333333333,0.0680616,3.8769480719658116,-0.06199503967923774,298.15
14.666666666666666,0.0680616,3.875631834484105,-0.05972631967923791,298.15
14.7,0.0680616,3.874332065927194,-0.0574575996792376,298.15
14.733333333333333,0.06806159999999999,3.8730434551954076,-0.0551888796792374,298.15
14.766666666666667,0.06806159999999997,3.8717615517450032,-0.052920159679237216,298.15
14.8,0.06806160000000003,3.870482650602425,-0.050651439679237166,298.15
14.833333333333332,0.0680616000000001,3.8692036938490384,-0.048382719679237345,298.15
14.866666666666667,0.06806159999999992,3.867922184854764,-0.046113999679237155,298.15
14.899999999999999,0.0680616,3.866636111920065,-0.04384527967923718,298.15
14.933333333333334,0.0680616,3.8653438902331465,-0.04157655967923716,298.15
14.966666666666665,0.0680616,3.8640442936243997,-0.039307839679237205,298.15
15.0,0.0680616,3.8627364163106557,-0.03703911967923684,298.15
15.033333333333331,0.06806159999999999,3.861419623308694,-0.034770399679236924,298.15
15.066666666666666,0.0680616,3.8600935145983852,-0.032501679679236783,298.15
15.099999999999998,0.0680616,3.8587578920478145,-0.03023295967923679,298.15
15.133333333333333,0.0680616,3.8574127304035746,-0.02796423967923656,298.15
15.166666666666664,0.0680616,3.8560581518261157,-0.025695519679236747,298.15
15.2,0.06806160000000003,3.85469440343059,-0.0234267996792365,298.15
15.23333333333333,0.0680616,3.853321837945694,-0.021158079679236826,298.15
15.266666666666667,0.0680616,3.8519408976307665,-0.018889359679236762,298.15
15.299999999999997,0.06806160000000001,3.8505520944823646,-0.01662063967923681,298.15
15.333333333333334,0.0680616,3.8491560014442383,-0.014351919679236791,298.15
15.366666666666667,0.0680616,3.8477532396995766,-0.012083199679236989,298.15
15.4,0.0680616,3.8463444679512833,-0.009814479679237029,298.15
15.433333333333334,0.06806160000000001,3.8449303734720996,-0.007545759679237075,298.15
15.466666666666667,0.0680616,3.84351166423339,-0.005277039679237159,298.15
15.5,0.0680616,3.842089062032481,-0.0030083196792373267,298.15
15.533333333333331,0.06806160000000001,3.840663296506513,-0.0007395996792372656,298.15
15.566666666666666,0.0680616,3.8392350999343643,0.0015291203207627396,298.15
15.6,0.0680616,3.8378052027390535,0.003797840320762973,298.15
15.633333333333333,0.0680616,3.8363743296116937,0.006066560320762908,298.15
15.666666666666664,0.0680616,3.8349431961889544,0.008335280320762667,298.15
15.7,0.0680616,3.8335125062212,0.01060400032076285,298.15
15.73333333333333,0.0680616,3.8320829491761534,0.012872720320762737,298.15
15.766666666666667,0.0680616,3.8306551982291053,0.015141440320762974,298.15
15.799999999999997,0.0680616,3.8292299085955923,0.017410160320763014,298.15
15.833333333333334,0.06806159999999999,3.8278077161672184,0.019678880320763103,298.15
15.866666666666665,0.0680616,3.8263892364154515,0.021947600320762966,298.15
15.9,0.0680616,3.8249750635319333,0.024216320320763023,298.15
15.933333333333332,0.0680616,3.8235657697771495,0.02648504032076307,298.15
15.966666666666667,0.0680616,3.822161905012274,0.028753760320762996,298.15
15.999999999999998,0.0680616,3.8207639963916553,0.031022480320762883,298.15
16.033333333333335,0.0680616,3.819372548195787,0.033291200320763145,298.15
16.066666666666666,0.06806160000000001,3.817988041786754,0.03555992032076292,298.15
16.1,0.0680616,3.816610933938806,0.037828640320762955,298.15
16.133333333333333,0.0680616,3.81524166221348,0.040097360320762665,298.15
16.166666666666668,0.0680616,3.8138806401532164,0.04236608032076267,298.15
16.2,0.0680616,3.812528258884137,0.04463480032076289,298.15
16.23333333333333,0.0680616,3.8111848877307195,0.04690352032076281,298.15
16.266666666666666,0.06806160000000003,3.8098508746196385,0.04917224032076305,298.15
16.3,0.0680616,3.8085265465246723,0.051440960320763104,298.15
16.333333333333332,0.0680616,3.807212209946136,0.053709680320762856,298.15
16.366666666666664,0.06806160000000004,3.8059081514177784,0.05597840032076248,298.15
16.4,0.06806159999999999,3.8046146380352592,0.05824712032076252,298.15
16.433333333333337,0.06806159999999999,3.803331918099238,0.06051584032076257,298.15
16.466666666666665,0.0680616,3.8020602212964523,0.06278456032076261,298.15
16.499999999999996,0.0680616,3.8007997598096774,0.06505328032076241,298.15
16.533333333333335,0.0680616,3.799550728533637,0.06732200032076255,298.15
16.566666666666663,0.0680616,3.798313305735226,0.06959072032076244,298.15
16.6,0.0680616,3.797087653625098,0.07185944032076272,298.15
16.633333333333333,0.0680616,3.7958739189263664,0.07412816032076254,298.15
16.666666666666668,0.0680616,3.794672233438447,0.07639688032076278,298.15
16.7,0.0680616,3.7934827145943673,0.07866560032076247,298.15
16.733333333333334,0.0680616,3.792305465984692,0.0809343203207623,298.15
16.766666666666666,0.0680616,3.7911405784442533,0.08320304032076198,298.15
16.8,0.0680616,3.789988129163345,0.08547176032076184,298.15
16.833333333333332,0.0680616,3.7888481833632466,0.08774048032076188,298.15
16.866666666666667,0.06806160000000001,3.787720794692382,0.09000920032076198,298.15
16.9,0.0680616,3.7866060055665867,0.09227792032076197,298.15
16.93333333333333,0.0680616,3.785503847642404,0.09454664032076206,298.15
16.966666666666665,0.0680616,3.7844143423081618,0.09681536032076217,298.15
17.0,0.0680616,3.783337501108656,0.09908408032076221,298.15
17.033333333333335,0.0680616,3.7822733261913686,0.1013528003207621,298.15
17.066666666666663,0.0680616,3.7812218107271867,0.10362152032076218,298.15
17.1,0.0680616,3.780182939315745,0.10589024032076241,298.15
17.133333333333333,0.0680616,3.7791566883747847,0.10815896032076265,298.15
17.166666666666668,0.0680616,3.7781430265132556,0.11042768032076228,298.15
17.2,0.0680616,3.777141914887921,0.11269640032076209,298.15
17.233333333333334,0.0680616,3.7761533075432774,0.11496512032076193,298.15
17.26666666666667,0.0680616,3.7751771517346624,0.11723384032076213,298.15
17.3,0.0680616,3.7742133882345157,0.119502560320762,298.15
17.333333333333332,0.0680616,3.7732619516218877,0.12177128032076195,298.15
17.366666666666667,0.0680616,3.7723227705554465,0.12404000032076215,298.15
17.4,0.0680616,3.7713957680304593,0.12630872032076212,298.15
17.433333333333334,0.0680616,3.7704808616205,0.12857744032076232,298.15
17.466666666666665,0.0680616,3.7695779637050038,0.1308461603207624,298.15
17.5,0.0680616,3.7686869816841946,0.1331148803207626,298.15
17.53333333333333,0.0680616,3.7678078181751955,0.13538360032076258,298.15
17.566666666666666,0.0680616,3.766940371233374,0.1376523203207625,298.15
17.6,0.0680616,3.766084534517577,0.13992104032076227,298.15
17.633333333333333,0.06806160000000001,3.765240197492942,0.1421897603207622,298.15
17.666666666666668,0.0680616,3.7644072456250135,0.14445848032076192,298.15
17.7,0.06806160000000004,3.7635855605844797,0.14672720032076192,298.15
17.733333333333334,0.0680616,3.7627750202012993,0.148995920320762,298.15
17.766666666666666,0.0680616,3.7619754997369443,0.1512646403207618,298.15
17.8,0.0680616,3.7611868706500524,0.1535333603207621,298.15
17.833333333333332,0.0680616,3.7604090018659004,0.15580208032076215,298.15
17.866666666666667,0.0680616,3.759641759910125,0.1580708003207619,298.15
17.9,0.0680616,3.758885009415604,0.1603395203207621,298.15
17.933333333333334,0.0680616,3.7581386126371785,0.16260824032076193,298.15
17.96666666666667,0.0680616,3.757402431382709,0.16487696032076188,298.15
18.0,0.0680616,3.756676326320165,0.16714568032076188,298.15
18.03333333333333,0.0680616,3.755960157722131,0.16941440032076166,298.15
18.066666666666666,0.0680616,3.7552537858676325,0.1716831203207618,298.15
18.099999999999998,0.0680616,3.7545570714463983,0.17395184032076183,298.15
18.133333333333333,0.0680616,3.7538698758296523,0.17622056032076175,298.15
18.166666666666664,0.0680616,3.753192061327919,0.17848928032076178,298.15
18.2,0.06806159999999999,3.7525234913424477,0.18075800032076195,298.15
18.233333333333334,0.0680616,3.7518640304158377,0.18302672032076175,298.15
18.266666666666666,0.0680616,3.7512135440402052,0.18529544032076187,298.15
18.3,0.0680616,3.7505718990564323,0.1875641603207618,298.15
18.333333333333332,0.0680616,3.7499389552104545,0.18983288032076193,298.15
18.366666666666667,0.0680616,3.749314586812986,0.19210160032076204,298.15
18.4,0.0680616,3.748698662062996,0.19437032032076226,298.15
18.433333333333334,0.0680616,3.7480910485666854,0.1966390403207621,298.15
18.46666666666666,0.0680616,3.7474916133290743,0.19890776032076202,298.15
18.5,0.0680616,3.746900222286522,0.201176480320762,298.15
18.533333333333335,0.0680616,3.7463167398700454,0.20344520032076227,298.15
18.566666666666666,0.0680616,3.745741028563775,0.20571392032076233,298.15
18.6,0.0680616,3.7451729484565472,0.20798264032076225,298.15
18.633333333333333,0.0680616,3.7446123567805354,0.2102513603207625,298.15
18.666666666666668,0.0680616,3.744059107428391,0.21252008032076272,298.15
18.7,0.0680616,3.743513050437633,0.21478880032076253,298.15
18.733333333333334,0.0680616,3.742974031428358,0.21705752032076228,298.15
18.766666666666666,0.0680616,3.742441890977688,0.21932624032076234,298.15
18.8,0.0680616,3.7419164639114295,0.2215949603207625,298.15
18.833333333333332,0.0680616,3.7413975784902127,0.22386368032076248,298.15
18.866666666666667,0.0680616,3.7408850554634885,0.22613240032076223,298.15
18.9,0.0680616,3.7403787069600782,0.22840112032076226,298.15
18.933333333333334,0.0680616,3.739878335178235,0.23066984032076218,298.15
18.966666666666665,0.0680616,3.7393837308310727,0.2329385603207624,298.15
19.0,0.0680616,3.7388946712946027,0.23520728032076224,298.15
19.033333333333335,0.06806159999999999,3.738410918395115,0.23747600032076244,298.15
19.066666666666666,0.06806160000000006,3.7379322157602224,0.23974472032076222,298.15
19.1,0.0680616,3.737458285643365,0.24201344032076225,298.15
19.133333333333333,0.06806159999999999,3.736988825115304,0.24428216032076217,298.15
19.166666666666668,0.0680616,3.736523501498762,0.2465508803207624,298.15
19.2,0.0680616,3.7360619469055294,0.24881960032076245,298.15
19.233333333333334,0.0680616,3.7356037517219733,0.2510883203207626,298.15
19.266666666666666,0.06806159999999997,3.7351484568840854,0.2533570403207624,298.15
19.3,0.06806159999999997,3.734695544795052,0.2556257603207622,298.15
19.333333333333332,0.06806159999999999,3.7342444287789576,0.2578944803207624,298.15
19.366666666666667,0.0680616,3.7337944414004776,0.26016320032076257,298.15
19.4,0.0680616,3.73334482119228,0.2624319203207627,298.15
19.433333333333334,0.0680616,3.73289469581966,0.26470064032076257,298.15
19.466666666666665,0.0680616,3.732443070646098,0.2669693603207626,298.15
19.5,0.0680616,3.7319888136288872,0.26923808032076274,298.15
19.533333333333335,0.0680616,3.7315306438357987,0.2715068003207627,298.15
19.566666666666666,0.0680616,3.7310671241298947,0.27377552032076236,298.15
19.6,0.0680616,3.7305966598429494,0.27604424032076214,298.15
19.633333333333333,0.0680616,3.730117504786744,0.27831296032076236,298.15
19.666666666666668,0.0680616,3.729627774944604,0.2805816803207622,298.15
19.7,0.0680616,3.729125468880484,0.28285040032076225,298.15
19.733333333333334,0.0680616,3.728608492759703,0.2851191203207625,298.15
19.766666666666666,0.06806159999999999,3.7280746874084714,0.2873878403207624,298.15
19.8,0.0680616,3.7275218552958336,0.28965656032076215,298.15
19.833333333333332,0.0680616,3.7269477865017184,0.2919252803207618,298.15
19.866666666666664,0.0680616,3.7263502715923944,0.2941940003207618,298.15
19.9,0.0680616,3.725727170990279,0.2964627203207623,298.15
19.933333333333334,0.0680616,3.7250763947244456,0.29873144032076243,298.15
19.966666666666665,0.0680616,3.724395954310507,0.3010001603207622,298.15
19.999999999999996,0.06806159999999999,3.7236840101010698,0.3032688803207623,298.15
20.033333333333335,0.06806159999999997,3.722938914406353,0.3055376003207629,298.15
20.066666666666666,0.0680616,3.7221592738377938,0.3078063203207632,298.15
20.1,0.0680616,3.7213440052016593,0.31007504032076305,298.15
20.133333333333333,0.0680616,3.7204924159566026,0.31234376032076283,298.15
20.166666666666668,0.0680616,3.7196042742324753,0.3146124803207629,298.15
20.2,0.0680616,3.7186798794894065,0.31688120032076317,298.15
20.233333333333334,0.0680616,3.7177201238893374,0.3191499203207629,298.15
20.266666666666666,0.0680616,3.716726562620324,0.321418640320763,298.15
20.3,0.06806159999999999,3.7157014300203035,0.32368736032076284,298.15
20.333333333333332,0.0680616,3.7146476629759655,0.32595608032076284,298.15
20.366666666666667,0.0680616,3.7135688870626393,0.3282248003207629,298.15
20.4,0.06806159999999996,3.712469372913962,0.33049352032076273,298.15
20.433333333333334,0.0680616,3.7113539631333397,0.3327622403207631,298.15
20.466666666666665,0.0680616,3.7102279632191717,0.33503096032076346,298.15
20.5,0.0680616,3.7090970278451714,0.3372996803207634,298.15
20.533333333333335,0.0680616,3.7079669698771336,0.33956840032076346,298.15
20.566666666666666,0.0680616,3.7068437232337974,0.34183712032076313,298.15
20.6,0.06806160000000001,3.705732982379996,0.3441058403207628,298.15
20.633333333333333,0.0680616,3.7046402144895496,0.346374560320763,298.15
20.666666666666668,0.0680616,3.703570451201848,0.3486432803207628,298.15
20.699999999999996,0.0680616,3.7025281930876193,0.35091200032076264,298.15
20.733333333333334,0.0680616,3.701517315908566,0.3531807203207624,298.15
20.766666666666666,0.0680616,3.700541014219927,0.3554494403207625,298.15
20.8,0.0680616,3.699601776796502,0.35771816032076226,298.15
20.833333333333332,0.06806159999999997,3.6987013860823734,0.3599868803207622,298.15
20.866666666666667,0.06806159999999997,3.697840954585196,0.3622556003207625,298.15
20.9,0.0680616,3.6970209557692444,0.3645243203207625,298.15
20.933333333333334,0.06806159999999997,3.696241300679455,0.36679304032076215,298.15
20.966666666666665,0.0680616,3.6955014079646555,0.36906176032076193,298.15
21.0,0.06806159999999999,3.6948002853332285,0.3713304803207622,298.15
21.033333333333335,0.06806159999999999,3.6941365855072683,0.37359920032076244,298.15
21.066666666666666,0.0680616,3.693508707993853,0.3758679203207623,298.15
21.1,0.0680616,3.6929148569016723,0.3781366403207625,298.15
21.133333333333333,0.0680616,3.6923531047300955,0.3804053603207626,298.15
21.166666666666668,0.0680616,3.6918214477227935,0.38267408032076267,298.15
21.2,0.0680616,3.691317852996881,0.3849428003207625,298.15
21.233333333333334,0.0680616,3.690840297690927,0.38721152032076256,298.15
21.266666666666666,0.0680616,3.690386800611829,0.3894802403207628,298.15
21.3,0.0680616,3.689955447044339,0.39174896032076295,298.15
21.333333333333332,0.0680616,3.6895444074873858,0.39401768032076295,298.15
21.366666666666667,0.0680616,3.6891519511122137,0.396286400320763,298.15
21.399999999999995,0.0680616,3.688776454719328,0.398555120320763,298.15
21.433333333333334,0.0680616,3.6884164054942223,0.400823840320763,298.15
21.466666666666665,0.0680616,3.6880704098238484,0.40309256032076324,298.15
21.5,0.0680616,3.687737188693528,0.40536128032076296,298.15
21.533333333333328,0.0680616,3.687415572644656,0.40763000032076296,298.15
21.566666666666666,0.0680616,3.687104500455907,0.409898720320763,298.15
21.6,0.0680616,3.686803014004778,0.41216744032076297,298.15
21.633333333333333,0.0680616,3.6865102520630773,0.4144361603207629,298.15
21.666666666666668,0.0680616,3.686225444271343,0.41670488032076286,298.15
21.7,0.0680616,3.685947905277392,0.41897360032076325,298.15
21.733333333333334,0.0680616,3.68567702954488,0.4212423203207634,298.15
21.766666666666666,0.0680616,3.6854122783067162,0.4235110403207633,298.15
21.8,0.0680616,3.6851531801891477,0.42577976032076337,298.15
21.833333333333332,0.0680616,3.6848993231697897,0.4280484803207632,298.15
21.866666666666667,0.0680616,3.6846503490932276,0.4303172003207635,298.15
21.9,0.0680616,3.684405948682387,0.4325859203207636,298.15
21.933333333333334,0.0680616,3.6841658569857936,0.4348546403207635,298.15
21.966666666666665,0.0680616,3.6839298492515495,0.4371233603207633,298.15
22.0,0.0680616,3.6836977372121136,0.43939208032076343,298.15
22.033333333333335,0.0680616,3.683469365754988,0.4416608003207634,298.15
22.066666666666666,0.06806160000000001,3.6832446099482627,0.4439295203207631,298.15
22.1,0.0680616,3.683023372387266,0.44619824032076344,298.15
22.133333333333333,0.0680616,3.6828055808276416,0.4484669603207636,298.15
22.166666666666668,0.0680616,3.6825911859631755,0.45073568032076355,298.15
22.2,0.0680616,3.682380160542403,0.4530044003207634,298.15
22.23333333333333,0.0680616,3.682172494663412,0.45527312032076317,298.15
22.266666666666666,0.0680616,3.68196819817664,0.4575418403207634,298.15
22.3,0.0680616,3.681767297590424,0.4598105603207635,298.15
22.333333333333332,0.06806159999999997,3.681569833750337,0.46207928032076334,298.15
22.366666666666667,0.0680616,3.6813758615698666,0.4643480003207634,298.15
22.4,0.0680616,3.6811854487399196,0.46661672032076346,298.15
22.433333333333334,0.0680616,3.6809986752822073,0.4688854403207635,298.15
22.466666666666665,0.0680616,3.680815631879668,0.47115416032076346,298.15
22.5,0.06806160000000001,3.6806364190304746,0.4734228803207632,298.15
22.533333333333335,0.0680616,3.680461145979452,0.47569160032076335,298.15
22.566666666666666,0.0680616,3.6802899295383815,0.47796032032076363,298.15
22.6,0.0680616,3.6801228926923137,0.48022904032076363,298.15
22.633333333333333,0.0680616,3.679960162828345,0.48249776032076347,298.15
22.666666666666668,0.0680616,3.6798018693255843,0.4847664803207635,298.15
22.7,0.0680616,3.6796481401041747,0.48703520032076364,298.15
22.733333333333334,0.0680616,3.6794990964731475,0.48930392032076364,298.15
22.766666666666666,0.0680616,3.679354845317399,0.49157264032076353,298.15
22.8,0.0680616,3.67921546716689,0.4938413603207638,298.15
22.833333333333332,0.0680616,3.679080998149828,0.4961100803207641,298.15
22.866666666666667,0.0680616,3.678951403372006,0.498378800320764,298.15
22.9,0.0680616,3.6788265394387585,0.5006475203207641,298.15
22.93333333333333,0.0680616,3.6787061057803125,0.5029162403207639,298.15
22.966666666666665,0.0680616,3.6785895899441634,0.5051849603207639,298.15
23.0,0.0680616,3.678476222451342,0.5074536803207639,298.15
23.033333333333335,0.06806160000000001,3.6783649696535785,0.5097224003207639,298.15
23.066666666666663,0.0680616,3.6782545970420455,0.5119911203207638,298.15
23.1,0.0680616,3.6781438134698967,0.5142598403207641,298.15
23.133333333333333,0.0680616,3.6780314575125024,0.516528560320764,298.15
23.166666666666668,0.0680616,3.6779166481321814,0.518797280320764,298.15
23.2,0.0680616,3.6777988397073957,0.5210660003207638,298.15
23.233333333333334,0.0680616,3.677677783389858,0.5233347203207641,298.15
23.266666666666666,0.0680616,3.6775534400593544,0.5256034403207643,298.15
23.3,0.0680616,3.6774258898398755,0.5278721603207641,298.15
23.333333333333332,0.0680616,3.677295260506032,0.530140880320764,298.15
23.366666666666667,0.0680616,3.677161797460002,0.5324096003207641,298.15
23.4,0.0680616,3.6770254825476267,0.5346783203207642,298.15
23.433333333333334,0.0680616,3.676886359979413,0.5369470403207642,298.15
23.466666666666665,0.0680616,3.67674442324985,0.5392157603207643,298.15
23.5,0.06806160000000001,3.676599607802917,0.5414844803207645,298.15
23.533333333333335,0.0680616,3.6764517897953666,0.5437532003207647,298.15
23.566666666666666,0.06806160000000001,3.6763007849693565,0.5460219203207648,298.15
23.6,0.0680616,3.6761463468903663,0.5482906403207648,298.15
23.633333333333333,0.0680616,3.6759881639974648,0.5505593603207648,298.15
23.666666666666668,0.0680616,3.675825855008705,0.5528280803207648,298.15
23.7,0.06806160000000003,3.675658962231902,0.5550968003207648,298.15
23.733333333333334,0.06806160000000003,3.675486942260024,0.5573655203207649,298.15
23.766666666666662,0.0680616,3.6753091533892452,0.5596342403207647,298.15
23.8,0.0680616,3.675124838883567,0.5619029603207646,298.15
23.833333333333332,0.0680616,3.674933104930308,0.564171680320765,298.15
23.866666666666667,0.06806160000000001,3.6747328918115616,0.5664404003207644,298.15
23.9,0.06806160000000003,3.674522936545294,0.5687091203207643,298.15
23.933333333333334,0.0680616,3.674301725239586,0.5709778403207643,298.15
23.966666666666665,0.06806160000000001,3.674067434100058,0.5732465603207646,298.15
24.0,0.06806160000000001,3.6738177536436987,0.5755152803207647,298.15
24.033333333333335,0.0680616,3.6735501500287007,0.5777840003207646,298.15
24.066666666666666,0.06806160000000001,3.6732614621517268,0.5800527203207647,298.15
24.1,0.0680616,3.6729479783770604,0.5823214403207647,298.15
24.133333333333333,0.0680616,3.672605457206341,0.5845901603207647,298.15
24.166666666666668,0.06806160000000001,3.672229235431397,0.5868588803207645,298.15
24.2,0.0680616,3.671814392748826,0.5891276003207646,298.15
24.233333333333334,0.0680616,3.6713559245596237,0.5913963203207647,298.15
24.266666666666666,0.06806160000000003,3.6708488573581084,0.5936650403207648,298.15
24.3,0.06806159999999997,3.6702882634572678,0.5959337603207646,298.15
24.333333333333332,0.0680616,3.6696691872664964,0.598202480320765,298.15
24.366666666666667,0.0680616,3.668986517415832,0.600471200320765,298.15
24.4,0.0680616,3.668234830137848,0.602739920320765,298.15
24.433333333333334,0.0680616,3.6674082565395465,0.6050086403207648,298.15
24.46666666666666,0.06806160000000001,3.66650034713638,0.6072773603207645,298.15
24.5,0.0680616,3.665503933414956,0.6095460803207647,298.15
24.533333333333335,0.0680616,3.6644110241841603,0.6118148003207649,298.15
24.566666666666666,0.0680616,3.6632126287323685,0.614083520320765,298.15
24.6,0.06806160000000001,3.661898612721768,0.6163522403207647,298.15
24.633333333333333,0.0680616,3.6604575226865985,0.6186209603207649,298.15
24.666666666666668,0.06806160000000001,3.658876389203461,0.6208896803207649,298.15
24.7,0.0680616,3.657140507475033,0.6231584003207649,298.15
24.733333333333334,0.0680616,3.655233193584273,0.6254271203207646,298.15
24.766666666666666,0.06806160000000001,3.6531355155717473,0.6276958403207648,298.15
24.8,0.0680616,3.6508259981624733,0.629964560320765,298.15
24.833333333333332,0.0680616,3.648280305824532,0.6322332803207648,298.15
24.866666666666667,0.06806160000000024,3.6454709038242887,0.6345020003207648,298.15
24.9,0.06806159999999997,3.6423666295450148,0.6367707203207649,298.15
24.933333333333334,0.0680616,3.6389323891585024,0.639039440320765,298.15
24.966666666666665,0.0680616,3.6351286276374277,0.6413081603207649,298.15
25.0,0.0680616,3.630910858967302,0.6435768803207647,298.15
25.033333333333335,0.06806160000000012,3.6262291285876196,0.6458456003207645,298.15
25.066666666666666,0.06806160000000006,3.621027331786191,0.648114320320765,298.15
25.1,0.06806159999999999,3.6152426004795783,0.6503830403207649,298.15
25.133333333333333,0.0680616,3.608804414816209,0.6526517603207649,298.15
25.16666666666667,0.0680616,3.6016337541733963,0.6549204803207659,298.15
25.2,0.0680616,3.5936421287078084,0.6571892003207667,298.15
25.233333333333334,0.0680616,3.5847305419557673,0.6594579203207671,298.15
25.266666666666666,0.0680616,3.5747884014959115,0.6617266403207679,298.15
25.299999999999997,0.06806159999999994,3.5636923822600948,0.663995360320768,298.15
25.333333333333336,0.06806159999999964,3.5513052660131477,0.6662640803207687,298.15
25.366666666666667,0.06806160000000003,3.537474738329411,0.6685328003207686,298.15
25.4,0.0680616,3.522032281770227,0.6708015203207686,298.15
25.433333333333334,0.0680616,3.504792010207061,0.6730702403207678,298.15
25.46666666666666,0.06806160000000001,3.485549695712641,0.6753389603207672,298.15
25.5,0.06806160000000001,3.4640819365763678,0.6776076803207676,298.15
25.533333333333335,0.06806159999999997,3.440145591356842,0.6798764003207679,298.15
25.566666666666666,0.0680616,3.413477577683335,0.6821451203207677,298.15
25.600000000000005,0.06806160000000006,3.383795160105102,0.6844138403207674,298.15
25.633333333333333,0.06806159999999994,3.350796866650814,0.6866825603207672,298.15
25.666666666666668,0.06806160000000001,3.3141642113503353,0.6889512803207667,298.15
25.7,-3.836786995239231e-18,3.35648769815128,0.6889512803207667,298.15
25.73333333333333,5.1795874817608776e-23,3.3575882198430835,0.6889512803207667,298.15
25.766666666666666,-1.4408358712715627e-16,3.357753015191339,0.6889512803207667,298.15
25.8,-6.223275794395784e-18,3.357794525617447,0.6889512803207667,298.15
25.833333333333332,3.2126163292219953e-18,3.357809733431631,0.6889512803207667,298.15
25.866666666666664,-3.090836521797536e-19,3.357816080200529,0.6889512803207667,298.15
25.9,3.586408608513903e-23,3.357819001481128,0.6889512803207667,298.15
25.933333333333334,-2.4320009776053254e-24,3.357820434826297,0.6889512803207667,298.15
25.966666666666665,-1.8113621084787734e-22,3.357821151625257,0.6889512803207667,298.15
25.999999999999996,-1.3800244703029655e-22,3.3578215905407283,0.6889512803207667,298.15
26.03333333333334,-2.0050169052146758e-23,3.3578218703397718,0.6889512803207667,298.15
26.066666666666666,-1.1894335854425098e-25,3.3578220649526758,0.6889512803207667,298.15
26.1,-6.179241500701487e-18,3.3578221914341433,0.6889512803207667,298.15
26.133333333333333,8.670978759355088e-18,3.357822275504227,0.6889512803207667,298.15
26.166666666666664,1.6471904506699653e-18,3.3578223321341683,0.6889512803207667,298.15
26.2,2.6831723802379104e-18,3.357822370575014,0.6889512803207667,298.15
26.233333333333334,1.119704420367866e-18,3.357822396783366,0.6889512803207667,298.15
26.266666666666666,1.1251523000890625e-18,3.3578224146959674,0.6889512803207667,298.15
26.299999999999997,-1.1952623732398314e-18,3.3578224269557064,0.6889512803207667,298.15
26.333333333333332,4.336912631081518e-19,3.3578224353531025,0.6889512803207667,298.15
26.366666666666667,7.992674075604312e-19,3.357822441107519,0.6889512803207667,298.15
26.4,6.037446659796353e-19,3.3578224450518115,0.6889512803207667,298.15
26.43333333333333,-2.3137561025298583e-19,3.3578224477557885,0.6889512803207667,298.15
26.466666666666665,-5.618923726316394e-19,3.3578224496096416,0.6889512803207667,298.15
26.5,-2.668303575905811e-19,3.3578224508807253,0.6889512803207667,298.15
26.533333333333335,5.669622706839007e-20,3.3578224517522686,0.6889512803207667,298.15
26.566666666666663,1.8044936524276403e-19,3.357822452349878,0.6889512803207667,298.15
26.6,-1.0787306746555082e-19,3.357822452759664,0.6889512803207667,298.15
26.633333333333333,1.8950016963336983e-20,3.3578224530406615,0.6889512803207667,298.15
26.666666666666668,2.021847987062377e-20,3.35782245323335,0.6889512803207667,298.15
26.699999999999996,-1.0,3.807295974131718,0.6556179469874007,298.15
26.73333333333333,-1.0,3.822284774334627,0.6222846136540977,298.15
26.766666666666666,-1.0,3.8225076784701177,0.5889512803207907,298.15
26.8,-1.0,3.8218347970351134,0.5556179469874494,298.15
26.83333333333333,-1.0,3.8222000059859407,0.5222846136541235,298.15
26.866666666666664,-1.0,3.823811897048964,0.4889512803208045,298.15
26.9,-0.9999999999999998,3.8269060319595143,0.45561794698747315,298.15
26.933333333333334,-1.0,3.8318216656103092,0.4222846136541382,298.15
26.966666666666665,-0.9999999999999998,3.839364821085866,0.3889512803208017,298.15
26.999999999999996,-0.9999999999999998,3.8480315483251695,0.3556179469874531,298.15
27.033333333333335,-1.0,3.853849345851598,0.3222846136541092,298.15
27.066666666666666,-1.0,3.8589589568362532,0.28895128032078515,298.15
27.1,-1.0000000000000002,3.8648640210018224,0.25561794698745727,298.15
27.13333333333333,-1.0,3.8723267648964788,0.2222846136541234,298.15
27.166666666666668,-1.0,3.8819111448262524,0.18895128032078295,298.15
27.2,-1.0,3.894092271501886,0.15561794698745277,298.15
27.233333333333334,-1.0,3.9092299857652044,0.12228461365412313,298.15
27.266666666666662,-1.0,3.927497855276211,0.08895128032079082,298.15
27.3,-1.0000000000000009,3.948723724461103,0.055617946987449665,298.15
27.333333333333332,-1.0,3.9721472163657436,0.02228461365411984,298.15
27.366666666666667,-0.9999999999999998,3.9964927978091387,-0.011048719679208204,298.15
27.399999999999995,-0.999999999999999,4.0234536520879125,-0.04438205301254743,298.15
27.433333333333334,-1.000000000000001,4.080716179364242,-0.077715386345855,298.15
27.466666666666665,-0.63518713635271,4.100000000000003,-0.10619032827804595,298.15
27.5,-0.4024878077869377,4.1,-0.12309213395315984,298.15
27.53333333333334,-0.2724708469209986,4.1,-0.13414571093272945,298.15
27.56666666666667,-0.19466097864786555,4.099999999999999,-0.14182924408040296,298.15
27.6,-0.14478568307479764,4.1,-0.14742884448760324,298.15
27.633333333333333,-0.11091242662409669,4.1,-0.15165574911300583,298.15
27.66666666666667,-0.08685177615351881,4.1,-0.15492884977269372,298.15
27.700000000000003,-0.06914306433378486,4.1,-0.15751478466402852,298.15
27.733333333333334,-0.055759806588976016,4.1,-0.15958653097402375,298.15
27.766666666666666,-1.398574077034164e-23,4.088842355701566,-0.15958653097402375,298.15
27.8,1.5969247905100522e-18,4.088481828220392,-0.15958653097402375,298.15
27.833333333333336,5.4034356851146505e-18,4.088355879180445,-0.15958653097402375,298.15
27.866666666666667,-4.973590562778616e-18,4.088303303993044,-0.15958653097402375,298.15
27.9,-9.887787624444998e-19,4.088279038146341,-0.15958653097402375,298.15
27.933333333333334,7.195195476029703e-18,4.088266844744362,-0.15958653097402375,298.15
27.966666666666672,-6.1723949715968435e-22,4.0882599920456455,-0.15958653097402375,298.15
28.0,6.552555165276972e-22,4.088255776794101,-0.15958653097402375,298.15
28.033333333333335,3.7109220471719947e-23,4.088252960539649,-0.15958653097402375,298.15
28.066666666666666,1.770728081648013e-22,4.088250968542554,-0.15958653097402375,298.15
28.100000000000005,6.129595492124547e-23,4.088249506772842,-0.15958653097402375,298.15
28.133333333333333,1.1217140395683701e-20,4.0882484516847715,-0.15958653097402375,298.15
28.166666666666668,-1.8185538352202808e-21,4.08824763396144,-0.15958653097402375,298.15
28.2,-1.560587040708613e-20,4.088246994518506,-0.15958653097402375,298.15
28.233333333333338,-7.237998511997176e-21,4.088246490755978,-0.15958653097402375,298.15
28.266666666666666,-1.9110501531904498e-17,4.088246076924201,-0.15958653097402375,298.15
28.3,8.403901735680641e-19,4.088245750556153,-0.15958653097402375,298.15
28.333333333333332,3.7425038335116874e-18,4.088245491521144,-0.15958653097402375,298.15
28.366666666666667,-2.1999927146005305e-18,4.088245284758827,-0.15958653097402375,298.15
28.400000000000006,9.990357990928476e-19,4.088245118883397,-0.15958653097402375,298.15
28.433333333333334,6.790573210194893e-19,4.088244985207799,-0.15958653097402375,298.15
28.466666666666665,8.97091022026377e-19,4.088244877049105,-0.15958653097402375,298.15
28.5,1.840527486998225e-18,4.088244789226563,-0.15958653097402375,298.15
28.53333333333334,-3.7670741875695895e-19,4.08824471769495,-0.15958653097402375,298.15
28.566666666666666,-7.648653889199069e-19,4.088244659274337,-0.15958653097402375,298.15
28.6,-6.928453480099356e-19,4.088244611449279,-0.15958653097402375,298.15
28.633333333333333,6.180623256362958e-19,4.088244572218417,-0.15958653097402375,298.15
28.66666666666667,-1.0229384357041924e-19,4.088244539980985,-0.15958653097402375,298.15
28.7,4.5786374820147125e-19,4.088244513450486,-0.15958653097402375,298.15
28.733333333333334,1.126166381981594e-18,4.088244491588554,-0.15958653097402375,298.15
28.766666666666666,0.06806160000000003,4.07131868228501,-0.15731781097402509,298.15
28.799999999999997,0.06806159999999997,4.067147895122281,-0.155049090974025,298.15
28.833333333333332,0.06806160000000001,4.062904535418979,-0.15278037097402422,298.15
28.866666666666667,0.0680616,4.0584090532781145,-0.15051165097402425,298.15
28.9,0.0680616,4.053609244012677,-0.14824293097402425,298.15
28.93333333333333,0.06806159999999997,4.048484829541368,-0.14597421097402333,298.15
28.966666666666665,0.0680616,4.043028455187309,-0.14370549097402316,298.15
29.0,0.06806160000000006,4.03724033515334,-0.14143677097402338,298.15
29.033333333333335,0.06806159999999999,4.031125806865066,-0.1391680509740233,298.15
29.066666666666663,0.06806160000000054,4.024694687202344,-0.1368993309740236,298.15
29.100000000000005,0.06806159999999976,4.017961381418316,-0.1346306109740233,298.15
29.133333333333333,0.06806160000000003,4.010945606705348,-0.13236189097402265,298.15
29.166666666666668,0.06806160000000001,4.0036739818376,-0.13009317097402287,298.15
29.2,0.06806160000000001,3.996182267035296,-0.1278244509740227,298.15
29.233333333333338,0.06806160000000003,3.9885179458212825,-0.12555573097402242,298.15
29.266666666666666,0.06806159999999993,3.9807425104774934,-0.12328701097402207,298.15
29.3,0.0680616,3.9729321587884328,-0.12101829097402189,298.15
29.333333333333332,0.0680616,3.9651762096953926,-0.11874957097402211,298.15
29.36666666666667,0.0680616,3.957572305245062,-0.11648085097402193,298.15
29.4,0.0680616,3.9502189204316283,-0.11421213097402182,298.15
29.433333333333334,0.06806159999999999,3.9432065211964256,-0.11194341097402156,298.15
29.466666666666665,0.0680616,3.936609363211671,-0.10967469097402174,298.15
29.499999999999996,0.0680616,3.930479795011211,-0.10740597097402155,298.15
29.533333333333335,0.0680616,3.924846061915346,-0.10513725097402048,298.15
29.566666666666666,0.0680615999999999,3.9197135391070486,-0.10286853097402032,298.15
29.6,0.0680616,3.915068417025688,-0.10059981097402083,298.15
29.63333333333333,0.0680616,3.910882717285727,-0.09833109097402062,298.15
29.666666666666668,0.0680616,3.907119281050284,-0.09606237097401953,298.15
29.7,0.0680616,3.903736214653155,-0.09379365097402019,298.15
29.733333333333334,0.0680616,3.9006903037743106,-0.09152493097402023,298.15
29.766666666666662,0.0680616,3.897939407678482,-0.08925621097402038,298.15
29.800000000000004,0.0680616,3.8954439619884424,-0.08698749097401952,298.15
29.833333333333332,0.0680616,3.8931677897852714,-0.08471877097401931,298.15
29.866666666666667,0.0680616,3.8910784312633875,-0.08245005097402018,298.15
29.9,0.0680616,3.8891471495103276,-0.08018133097402017,298.15
29.933333333333337,0.06806160000000001,3.8873487533495212,-0.07791261097402022,298.15
29.966666666666665,0.06806160000000001,3.8856613090912675,-0.07564389097402,298.15
30.0,0.06806159999999999,3.8840658319567862,-0.07337517097402005,298.15
30.033333333333335,0.0680616,3.882545945253227,-0.07110645097402002,298.15
30.06666666666667,0.06806159999999999,3.881087574166162,-0.06883773097401924,298.15
30.1,0.06806160000000001,3.879678654970182,-0.0665690109740197,298.15
30.133333333333333,0.0680616,3.8783088680520326,-0.06430029097401965,298.15
30.166666666666668,0.0680616,3.8769694341545042,-0.062031570974019686,298.15
30.199999999999996,0.0680616,3.875652882778519,-0.059762850974019406,298.15
30.233333333333334,0.0680616,3.874352893584379,-0.05749413097401879,298.15
30.266666666666666,0.0680616,3.87306414058953,-0.055225410974018514,298.15
30.3,0.06806160000000003,3.871782160347582,-0.05295669097401839,298.15
30.33333333333333,0.06806159999999999,3.870503236700156,-0.05068797097401855,298.15
30.366666666666667,0.06806159999999994,3.8692243020201302,-0.048419250974018564,298.15
30.4,0.06806159999999997,3.867942851258957,-0.046150530974018306,298.15
30.433333333333334,0.0680616,3.8666568654195563,-0.04388181097401866,298.15
30.46666666666666,0.0680616,3.8653647533671185,-0.04161309097401883,298.15
30.5,0.0680616,3.8640652834642593,-0.03934437097401859,298.15
30.533333333333335,0.0680616,3.862757545201852,-0.03707565097401837,298.15
30.566666666666666,0.0680616,3.8614408995182643,-0.03480693097401895,298.15
30.599999999999994,0.0680616,3.8601149428841506,-0.032538210974019405,298.15
30.633333333333336,0.0680616,3.8587794741570765,-0.030269490974018883,298.15
30.666666666666668,0.0680616,3.857434465510711,-0.028000770974018693,298.15
30.7,0.06806160000000001,3.8560800369169628,-0.025732050974018886,298.15
30.733333333333334,0.0680616,3.854716433640007,-0.02346333097401888,298.15
30.76666666666667,0.06806159999999999,3.853344006854607,-0.02119461097401827,298.15
30.8,0.0680616,3.851963197527309,-0.01892589097401856,298.15
30.833333333333332,0.0680616,3.8505745165901106,-0.016657170974018774,298.15
30.866666666666667,0.06806159999999999,3.849178536124462,-0.014388450974018563,298.15
30.899999999999995,0.0680616,3.8477758766280075,-0.01211973097401902,298.15
30.933333333333334,0.0680616,3.8463671962730044,-0.009851010974018422,298.15
30.966666666666665,0.0680616,3.844953181937217,-0.007582290974018355,298.15
31.0,0.06806159999999999,3.843534541315598,-0.005313570974018449,298.15
31.033333333333328,0.0680616,3.8421119960324517,-0.0030448509740182146,298.15
31.066666666666666,0.0680616,3.840686275641807,-0.0007761309740177149,298.15
31.1,0.06806159999999999,3.839258112417373,0.0014925890259821868,298.15
31.133333333333333,0.0680616,3.8378282368442944,0.003761309025982211,298.15
31.166666666666664,0.0680616,3.8363973737336834,0.006030029025981752,298.15
31.2,0.0680616,3.8349662388916554,0.008298749025981798,298.15
31.233333333333334,0.0680616,3.8335355362800407,0.010567469025981841,298.15
31.266666666666666,0.0680616,3.8321059556134265,0.012836189025981475,298.15
31.299999999999997,0.0680616,3.830678170343509,0.015104909025981113,298.15
31.333333333333336,0.0680616,3.829252835986577,0.017373629025981725,298.15
31.366666666666667,0.0680616,3.827830588754744,0.019642349025981866,298.15
31.4,0.0680616,3.826412044455686,0.021911069025982118,298.15
31.433333333333334,0.06806159999999999,3.8249977976293743,0.024179789025981672,298.15
31.466666666666672,0.06806159999999999,3.823588420893597,0.02644850902598171,298.15
31.5,0.0680616,3.8221844644730414,0.028717229025981776,298.15
31.533333333333335,0.06806160000000001,3.8207864558893565,0.030985949025981434,298.15
31.566666666666666,0.0680616,3.8193948997920106,0.0332546690259816,298.15
31.599999999999994,0.0680616,3.8180102779118985,0.03552338902598136,298.15
31.633333333333333,0.0680616,3.8166330473894137,0.037792109025981666,298.15
31.666666666666668,0.0680616,3.8152636461509797,0.04006082902598207,298.15
31.7,0.06806159999999999,3.8139024880987247,0.04232954902598153,298.15
31.73333333333333,0.0680616,3.81254996471301,0.04459826902598119,298.15
31.766666666666666,0.0680616,3.811206445666381,0.046866989025981125,298.15
31.8,0.0680616,3.8098722792267017,0.049135709025981016,298.15
31.833333333333332,0.0680616,3.8085477927014573,0.05140442902598145,298.15
31.866666666666664,0.0680616,3.807233292916706,0.05367314902598116,298.15
31.9,0.06806160000000001,3.805929066723589,0.05594186902598154,298.15
31.933333333333334,0.0680616,3.804635381526499,0.058210589025980884,298.15
31.966666666666665,0.0680616,3.803352485925741,0.06047930902598032,298.15
31.999999999999996,0.06806160000000001,3.802080609899171,0.06274802902598044,298.15
32.03333333333333,0.0680616,3.800819965911118,0.06501674902598056,298.15
32.06666666666667,0.06806159999999999,3.7995707491287423,0.06728546902597993,298.15
32.1,0.0680616,3.798333138082159,0.06955418902597943,298.15
32.13333333333333,0.0680616,3.7971072952360547,0.07182290902597893,298.15
32.16666666666667,0.0680616,3.79589336755845,0.07409162902597903,298.15
32.2,0.0680616,3.7946914870846373,0.07636034902597891,298.15
32.233333333333334,0.0680616,3.793501771474604,0.07862906902597853,298.15
32.266666666666666,0.0680616,3.792324324536566,0.08089778902597826,298.15
32.3,0.0680616,3.7911592373168053,0.083166509025978,298.15
32.333333333333336,0.0680616,3.7900065872050988,0.08543522902597808,298.15
32.36666666666667,0.0680616,3.788866439615841,0.08770394902597842,298.15
32.4,0.0680616,3.7877388483823,0.08997266902597816,298.15
32.43333333333334,0.0680616,3.7866238560973104,0.09224138902597864,298.15
32.46666666666667,0.0680616,3.785521494586791,0.09451010902597827,298.15
32.5,0.06806159999999999,3.7844317854010785,0.09677882902597766,298.15
32.53333333333333,0.0680616,3.783354740239814,0.09904754902597811,298.15
32.56666666666666,0.0680616,3.7822903613984225,0.1013162690259782,298.15
32.6,0.0680616,3.781238642189079,0.10358498902597867,298.15
32.63333333333333,0.0680616,3.7801995673463047,0.10585370902597852,298.15
32.666666666666664,0.0680616,3.779173113416586,0.10812242902597871,298.15
32.699999999999996,0.0680616,3.77815924913174,0.11039114902597863,298.15
32.733333333333334,0.0680616,3.7771579357657883,0.1126598690259787,298.15
32.766666666666666,0.0680616,3.776169127475144,0.1149285890259784,298.15
32.8,0.0680616,3.775192771621994,0.11719730902597801,298.15
32.83333333333333,0.0680616,3.7742288090808267,0.11946602902597794,298.15
32.866666666666674,0.0680616,3.773277174528212,0.12173474902597857,298.15
32.9,0.0680616,3.772337796716072,0.12400346902597846,298.15
32.93333333333333,0.0680616,3.771410598728911,0.12627218902597884,298.15
32.96666666666667,0.0680616,3.7704954982257646,0.12854090902597895,298.15
32.99999999999999,0.0680616,3.7695924076679708,0.13080962902597934,298.15
33.03333333333333,0.0680616,3.7687012345342854,0.1330783490259794,298.15
33.06666666666667,0.0680616,3.767821881517175,0.13534706902597918,298.15
33.1,0.0680616,3.7669542467441626,0.13761578902597918,298.15
33.13333333333334,0.0680616,3.7660982239432217,0.13988450902598,298.15
33.166666666666664,0.0680616,3.7652537026455124,0.14215322902598004,298.15
33.2,0.0680616,3.7644205683793914,0.14442194902598027,298.15
33.233333333333334,0.0680616,3.7635987028749605,0.14669066902598013,298.15
33.266666666666666,0.06806160000000001,3.762787984018557,0.14895938902597972,298.15
33.3,0.0680616,3.7619882871220094,0.15122810902598038,298.15
33.333333333333336,0.0680616,3.761199483691707,0.15349682902598066,298.15
33.36666666666667,0.0680616,3.7604214426945193,0.15576554902598042,298.15
33.4,0.0680616,3.759654030692742,0.15803426902598045,298.15
33.43333333333333,0.06806159999999997,3.758897112350925,0.1603029890259804,298.15
33.46666666666667,0.06806160000000003,3.7581505499446153,0.1625717090259802,298.15
33.5,0.06806160000000001,3.75741420530022,0.16484042902598015,298.15
33.53333333333333,0.0680616,3.7566879390955665,0.16710914902598006,298.15
33.56666666666667,0.0680616,3.755971611606277,0.1693778690259804,298.15
33.6,0.0680616,3.755265083107571,0.17164658902598057,298.15
33.63333333333333,0.0680616,3.75456821428116,0.1739153090259807,298.15
33.666666666666664,0.0680616,3.7538808664845984,0.17618402902598085,298.15
33.699999999999996,0.0680616,3.7532029020117545,0.17845274902598096,298.15
33.733333333333334,0.0680616,3.7525341842456803,0.18072146902598119,298.15
33.766666666666666,0.0680616,3.751874577710684,0.18299018902598138,298.15
33.8,0.0680616,3.7512239478827127,0.18525890902598105,298.15
33.833333333333336,0.0680616,3.750582161587491,0.18752762902598114,298.15
33.86666666666667,0.0680616,3.7499490785766314,0.1897963490259814,298.15
33.9,0.0680616,3.7493245731414357,0.19206506902598097,298.15
33.93333333333333,0.06806159999999999,3.748708513481441,0.19433378902598097,298.15
33.96666666666666,0.0680616,3.7481007672101483,0.19660250902598067,298.15
34.0,0.0680616,3.7475012013464566,0.19887122902598076,298.15
34.03333333333333,0.0680616,3.7469096818474594,0.20113994902598073,298.15
34.06666666666667,0.0680616,3.7463260731719035,0.20340866902598082,298.15
34.099999999999994,0.0680616,3.7457502378387737,0.205677389025981,298.15
34.13333333333333,0.06806160000000003,3.7451820359790515,0.20794610902598165,298.15
34.166666666666664,0.0680616,3.7446213248746276,0.2102148290259819,298.15
34.2,0.0680616,3.7440679584758723,0.21248354902598174,298.15
34.23333333333333,0.0680616,3.7435217868866535,0.2147522690259816,298.15
34.266666666666666,0.0680616,3.742982655802933,0.21702098902598202,298.15
34.3,0.0680616,3.7424504058883676,0.2192897090259823,298.15
34.333333333333336,0.0680616,3.741924872067482,0.22155842902598183,298.15
34.36666666666666,0.0680616,3.741405882713702,0.22382714902598141,298.15
34.4,0.0680616,3.740893258705712,0.22609586902598103,298.15
34.43333333333333,0.0680616,3.7403868123209163,0.22836458902598133,298.15
34.46666666666667,0.0680616,3.7398863459290546,0.23063330902598128,298.15
34.5,0.06806159999999999,3.7393916504419646,0.23290202902598114,298.15
34.53333333333334,0.0680616,3.7389025034668744,0.23517074902598156,298.15
34.56666666666667,0.06806159999999999,3.7384186671001585,0.23743946902598126,298.15
34.6,0.06806159999999997,3.7379398852860746,0.23970818902598132,298.15
34.63333333333333,0.06806160000000001,3.7374658806505505,0.24197690902598112,298.15
34.666666666666664,0.06806159999999999,3.736996350703799,0.24424562902598104,298.15
34.7,0.0680616,3.736530963288221,0.24651434902598132,298.15
34.733333333333334,0.06806159999999996,3.736069351131153,0.24878306902598157,298.15
34.766666666666666,0.06806160000000001,3.735611105348574,0.25105178902598185,298.15
34.8,0.06806160000000004,3.7351557677408684,0.2533205090259815,298.15
34.833333333333336,0.06806159999999997,3.734702821733259,0.2555892290259818,298.15
34.86666666666667,0.06806159999999999,3.7342516818535465,0.257857949025982,298.15
34.9,0.0680616,3.7338016820748283,0.2601266690259819,298.15
34.93333333333333,0.0680616,3.733352062560783,0.2623953890259822,298.15
34.96666666666667,0.0680616,3.732901952849441,0.2646641090259826,298.15
35.0,0.0680616,3.732450360407097,0.266932829025983,298.15
35.03333333333333,0.0680616,3.7319961555027503,0.2692015490259833,298.15
35.06666666666666,0.0680616,3.731538059673171,0.2714702690259836,298.15
35.099999999999994,0.0680616,3.731074638325415,0.2737389890259836,298.15
35.13333333333333,0.0680616,3.730604299301026,0.276007709025984,298.15
35.166666666666664,0.0680616,3.7301252987631663,0.27827642902598393,298.15
35.2,0.0680616,3.7296357547685304,0.28054514902598404,298.15
35.233333333333334,0.0680616,3.729133667582527,0.282813869025984,298.15
35.266666666666666,0.06806160000000001,3.728616944646106,0.28508258902598366,298.15
35.3,0.06806160000000001,3.7280834276216264,0.2873513090259831,298.15
35.333333333333336,0.0680616,3.7275309193872257,0.2896200290259829,298.15
35.36666666666666,0.0680616,3.72695721002117,0.2918887490259829,298.15
35.4,0.0680616,3.7263600896554245,0.29415746902598366,298.15
35.43333333333333,0.06806159999999999,3.725737417881235,0.29642618902598317,298.15
35.46666666666667,0.06806160000000003,3.7250871033751336,0.29869490902598345,298.15
35.49999999999999,0.0680616,3.724407155647274,0.30096362902598317,298.15
35.53333333333333,0.0680616,3.72369573238682,0.3032323490259835,298.15
35.56666666666667,0.06806159999999997,3.7229511823364687,0.30550106902598323,298.15
35.6,0.06806159999999999,3.7221721075417467,0.3077697890259828,298.15
35.633333333333326,0.06806160000000001,3.721357419219363,0.3100385090259824,298.15
35.666666666666664,0.0680616,3.7205064179792644,0.3123072290259826,298.15
35.7,0.06806160000000003,3.7196188639749543,0.3145759490259826,298.15
35.733333333333334,0.0680616,3.7186950475625884,0.3168446690259824,298.15
35.766666666666666,0.0680616,3.7177358508064984,0.31911338902598213,298.15
35.8,0.0680616,3.716742818085684,0.3213821090259815,298.15
35.833333333333336,0.0680616,3.715718172481759,0.3236508290259817,298.15
35.86666666666667,0.0680616,3.714664839608682,0.32591954902598197,298.15
35.9,0.06806160000000001,3.713586434215205,0.32818826902598197,298.15
35.93333333333334,0.06806159999999999,3.712487217048214,0.3304569890259826,298.15
35.96666666666667,0.06806160000000001,3.711372022262866,0.33272570902598186,298.15
36.0,0.0680616,3.7102461487795666,0.33499442902598187,298.15
36.03333333333333,0.0680616,3.7091152469577855,0.3372631490259816,298.15
36.06666666666666,0.0680616,3.7079851278231857,0.33953186902598126,298.15
36.1,0.06806160000000003,3.7068617260943064,0.34180058902598187,298.15
36.13333333333333,0.0680616,3.7057507395601577,0.3440693090259818,298.15
36.166666666666664,0.0680616,3.7046576411055105,0.3463380290259818,298.15
36.2,0.0680616,3.703587470142382,0.3486067490259823,298.15
36.23333333333333,0.0680616,3.7025447366537776,0.3508754690259821,298.15
36.266666666666666,0.0680616,3.701533326979994,0.3531441890259824,298.15
36.3,0.0680616,3.7005564469217425,0.35541290902598155,298.15
36.33333333333333,0.0680616,3.6996165966878674,0.3576816290259808,298.15
36.36666666666667,0.06806159999999974,3.698715569878125,0.35995034902598094,298.15
36.4,0.06806160000000006,3.6978544896164856,0.3622190690259805,298.15
36.43333333333333,0.06806159999999999,3.697033839027904,0.3644877890259804,298.15
36.46666666666667,0.0680616,3.696253537691403,0.36675650902597984,298.15
36.5,0.0680616,3.6955130116068418,0.3690252290259796,298.15
36.53333333333333,0.06806160000000001,3.694811274584518,0.3712939490259801,298.15
36.56666666666667,0.06806160000000001,3.6941469842016432,0.37356266902597984,298.15
36.6,0.06806160000000001,3.693518543647675,0.37583138902597957,298.15
36.63333333333333,0.0680616,3.692924159640607,0.3781001090259802,298.15
36.666666666666664,0.0680616,3.6923619063357007,0.3803688290259804,298.15
36.7,0.0680616,3.6918297808081775,0.3826375490259804,298.15
36.733333333333334,0.0680616,3.6913257503125165,0.3849062690259803,298.15
36.766666666666666,0.0680616,3.690847791555511,0.38717498902598046,298.15
36.8,0.0680616,3.690393922458948,0.38944370902598063,298.15
36.833333333333336,0.0680616,3.6899622270733015,0.3917124290259805,298.15
36.86666666666667,0.0680616,3.6895508744055205,0.3939811490259803,298.15
36.9,0.0680616,3.6891581319558924,0.3962498690259807,298.15
36.93333333333332,0.0680616,3.6887823747415274,0.39851858902598025,298.15
36.96666666666667,0.0680616,3.6884220880990473,0.4007873090259802,298.15
37.0,0.0680616,3.688075876567707,0.4030560290259802,298.15
37.03333333333333,0.0680616,3.6877424593116697,0.40532474902598065,298.15
37.06666666666667,0.0680616,3.687420665094799,0.4075934690259809,298.15
37.1,0.0680616,3.6871094309923262,0.40986218902598115,298.15
37.13333333333333,0.0680616,3.686807797267226,0.4121309090259811,298.15
37.166666666666664,0.0680616,3.6865149011883216,0.41439962902598065,298.15
37.2,0.06806160000000001,3.6862299709677884,0.4166683490259806,298.15
37.233333333333334,0.0680616,3.685952319948306,0.4189370690259809,298.15
37.266666666666666,0.0680616,3.6856813413863154,0.42120578902598094,298.15
37.3,0.0680616,3.6854164954267445,0.4234745090259815,298.15
37.333333333333336,0.0680616,3.685157309693813,0.42574322902598205,298.15
37.36666666666667,0.0680616,3.684903371253905,0.4280119490259819,298.15
37.4,0.0680616,3.6846543211244644,0.43028066902598144,298.15
37.43333333333333,0.0680616,3.6844098492783615,0.4325493890259818,298.15
37.46666666666667,0.0680616,3.68416969008409,0.4348181090259811,298.15
37.5,0.0680616,3.683933618172895,0.4370868290259815,298.15
37.53333333333333,0.0680616,3.6837014447170913,0.43935554902598084,298.15
37.56666666666667,0.0680616,3.683473014094749,0.44162426902598084,298.15
37.6,0.0680616,3.68324820090981,0.44389298902598173,298.15
37.633333333333326,0.0680616,3.6830269073337947,0.4461617090259814,298.15
37.666666666666664,0.0680616,3.6828090607346047,0.44843042902598146,298.15
37.7,0.0680616,3.6825946114415684,0.4506991490259817,298.15
37.733333333333334,0.0680616,3.682383531885971,0.452967869025982,298.15
37.766666666666666,0.0680616,3.6821758118754238,0.455236589025982,298.15
37.8,0.0680616,3.6819714609728496,0.45750530902598185,298.15
37.833333333333336,0.0680616,3.681770505427341,0.45977402902598147,298.15
37.86666666666667,0.06806159999999999,3.681572985852031,0.4620427490259813,298.15
37.9,0.06806160000000001,3.6813789567822695,0.464311469025981,298.15
37.93333333333333,0.06806160000000001,3.6811884862418,0.4665801890259816,298.15
37.96666666666667,0.0680616,3.6810016534840777,0.46884890902598136,298.15
38.0,0.06806160000000001,3.680818549242443,0.47111762902598087,298.15
38.03333333333333,0.0680616,3.6806392738645712,0.4733863490259815,298.15
38.06666666666667,0.0680616,3.6804639364631333,0.4756550690259813,298.15
38.1,0.0680616,3.6802926537382152,0.4779237890259814,298.15
38.13333333333333,0.0680616,3.6801255485881077,0.480192509025981,298.15
38.166666666666664,0.0680616,3.679962748345876,0.48246122902598104,298.15
38.2,0.0680616,3.6798043823823336,0.4847299490259813,298.15
38.233333333333334,0.0680616,3.679650578676274,0.4869986690259812,298.15
38.266666666666666,0.0680616,3.6795014586962154,0.4892673890259813,298.15
38.3,0.0680616,3.6793571296404006,0.49153610902598155,298.15
38.33333333333333,0.0680616,3.679217672586597,0.4938048290259809,298.15
38.36666666666667,0.0680616,3.6790831245624256,0.4960735490259814,298.15
38.4,0.0680616,3.678953452082868,0.4983422690259811,298.15
38.43333333333333,0.0680616,3.6788285138586194,0.5006109890259811,298.15
38.46666666666667,0.0680616,3.678708012281888,0.5028797090259817,298.15
38.5,0.0680616,3.67859143872675,0.5051484290259819,298.15
38.53333333333333,0.0680616,3.678478028057686,0.5074171490259818,298.15
38.56666666666667,0.0680616,3.6783667506025908,0.5096858690259815,298.15
38.6,0.0680616,3.6782563741402594,0.5119545890259816,298.15
38.63333333333333,0.0680616,3.6781456069782483,0.5142233090259816,298.15
38.666666666666664,0.0680616,3.6780332842057843,0.5164920290259812,298.15
38.7,0.0680616,3.6779185195447246,0.5187607490259809,298.15
38.733333333333334,0.0680616,3.677800762077078,0.5210294690259814,298.15
38.766666666666666,0.0680616,3.6776797588053873,0.5232981890259812,298.15
38.8,0.0680616,3.6775554679818727,0.5255669090259815,298.15
38.833333333333336,0.0680616,3.677427968440978,0.5278356290259816,298.15
38.86666666666667,0.0680616,3.677297387632462,0.5301043490259815,298.15
38.9,0.0680616,3.6771639710315047,0.5323730690259816,298.15
38.93333333333333,0.06806160000000003,3.67702770140087,0.5346417890259809,298.15
38.96666666666667,0.06806160000000001,3.6768886237669816,0.5369105090259798,298.15
39.0,0.0680616,3.6767467325303906,0.5391792290259807,298.15
39.03333333333333,0.06806159999999999,3.6766019640812324,0.5414479490259807,298.15
39.06666666666667,0.0680616,3.6764541955436676,0.5437166690259811,298.15
39.1,0.0680616,3.676303243649334,0.5459853890259818,298.15
39.13333333333333,0.06806159999999999,3.6761488629886774,0.5482541090259814,298.15
39.166666666666664,0.06806160000000001,3.6759907430836827,0.5505228290259826,298.15
39.2,0.0680616,3.6758285038232614,0.5527915490259833,298.15
39.233333333333334,0.06806160000000001,3.6756616888118487,0.5550602690259832,298.15
39.266666666666666,0.06806160000000003,3.6754897561119586,0.5573289890259839,298.15
39.29999999999999,0.0680616,3.675312065721555,0.5595977090259834,298.15
39.333333333333336,0.0680616,3.6751278629141106,0.5618664290259835,298.15
39.36666666666667,0.0680616,3.6749362562905805,0.5641351490259838,298.15
39.4,0.0680616,3.674736189073522,0.5664038690259838,298.15
39.43333333333333,0.06806159999999999,3.674526401900145,0.568672589025984,298.15
39.46666666666667,0.0680616,3.6743053853539798,0.5709413090259842,298.15
39.5,0.0680616,3.6740713211547824,0.5732100290259837,298.15
39.53333333333333,0.06806160000000001,3.6738219062185746,0.575478749025984,298.15
39.56666666666667,0.06806160000000004,3.6735546147877316,0.577747469025984,298.15
39.6,0.0680616,3.6732662944514445,0.5800161890259842,298.15
39.63333333333333,0.06806160000000001,3.6729532424016056,0.582284909025984,298.15
39.666666666666664,0.0680616,3.672611224975441,0.5845536290259841,298.15
39.7,0.0680616,3.6722355845708625,0.5868223490259837,298.15
39.733333333333334,0.0680616,3.6718214035798726,0.5890910690259836,298.15
39.766666666666666,0.0680616,3.6713636775993463,0.5913597890259844,298.15
39.8,0.06806159999999999,3.6708574321934386,0.5936285090259842,298.15
39.833333333333336,0.06806159999999994,3.6702977393388383,0.5958972290259845,298.15
39.86666666666667,0.0680616,3.6696796448068794,0.5981659490259844,298.15
39.9,0.0680616,3.6689980410212266,0.6004346690259841,298.15
39.93333333333333,0.0680616,3.6682475102708874,0.602703389025984,298.15
39.96666666666667,0.0680616,3.6674221919363372,0.6049721090259838,298.15
39.99999999999999,0.06806160000000001,3.666515646910535,0.607240829025984,298.15
40.03333333333333,0.06806160000000001,3.66552071915414,0.6095095490259842,298.15
40.06666666666667,0.0680616,3.6644294321557576,0.6117782690259844,298.15
40.1,0.0680616,3.6632328122973288,0.6140469890259839,298.15
40.13333333333333,0.0680616,3.6619207450028592,0.6163157090259843,298.15
40.166666666666664,0.06806159999999999,3.6604817995525747,0.6185844290259842,298.15
40.2,0.0680616,3.658903032610455,0.6208531490259839,298.15
40.233333333333334,0.06806159999999999,3.6571697691882368,0.6231218690259835,298.15
40.266666666666666,0.0680616,3.6552653593001883,0.6253905890259834,298.15
40.3,0.0680616,3.6531709094498392,0.6276593090259839,298.15
40.333333333333336,0.0680616,3.6508649877702326,0.6299280290259833,298.15
40.36666666666667,0.0680616,3.648323307499417,0.6321967490259831,298.15
40.4,0.06806160000000024,3.6455183886129388,0.6344654690259831,298.15
40.43333333333333,0.06806160000000001,3.642419128978072,0.636734189025983,298.15
40.46666666666667,0.0680616,3.6389905025276685,0.6390029090259829,298.15
40.5,0.0680616,3.6351930295999835,0.641271629025982,298.15
40.53333333333333,0.0680616,3.6309823076386913,0.6435403490259822,298.15
40.56666666666667,0.06806160000000021,3.6263084752938872,0.645809069025982,298.15
40.6,0.06806159999999987,3.6211155312023684,0.6480777890259825,298.15
40.63333333333333,0.0680616,3.615340723425645,0.6503465090259819,298.15
40.666666666666664,0.0680616,3.6089136616973514,0.6526152290259825,298.15
40.69999999999999,0.06806160000000001,3.601755469700749,0.6548839490259826,298.15
40.733333333333334,0.06806160000000004,3.59377781812963,0.6571526690259828,298.15
40.766666666666666,0.0680616,3.584881888183741,0.6594213890259832,298.15
40.8,0.0680616,3.574957283078379,0.6616901090259832,298.15
40.833333333333336,0.0680616,3.5638808919346583,0.6639588290259841,298.15
40.86666666666667,0.06806159999999999,3.551515729798618,0.6662275490259837,298.15
40.9,0.0680616,3.5377097338031605,0.6684962690259828,298.15
40.93333333333333,0.0680616,3.52229465734332,0.6707649890259818,298.15
40.96666666666667,0.0680616,3.505084901827256,0.6730337090259823,298.15
41.0,0.06806159999999997,3.4858765418521935,0.6753024290259834,298.15
41.03333333333333,0.06806160000000001,3.464446489758928,0.6775711490259839,298.15
41.06666666666667,0.0680616,3.4405519246839624,0.6798398690259845,298.15
41.1,0.0680616,3.4139300845655485,0.6821085890259855,298.15
41.13333333333333,0.06806159999999999,3.384298545047535,0.6843773090259856,298.15
41.166666666666664,0.06806159999999994,3.351356124573772,0.6866460290259861,298.15
41.2,0.0680616,3.3147845927167623,0.6889147490259865,298.15
41.233333333333334,-1.3284778833899129e-17,3.3570716441327626,0.6889147490259865,298.15
41.26666666666666,-6.170193869231617e-24,3.3581706632911787,0.6889147490259865,298.15
41.3,-1.7874123683831858e-16,3.3583353145676726,0.6889147490259865,298.15
41.333333333333336,1.7184449526298626e-18,3.358376809622171,0.6889147490259865,298.15
41.36666666666667,-1.561408085823123e-18,3.358392015077117,0.6889147490259865,298.15
41.39999999999999,2.626976064577635e-18,3.358398361437237,0.6889147490259865,298.15
41.43333333333333,-2.3662179403935592e-23,3.358401282697328,0.6889147490259865,298.15
41.46666666666667,-7.07516139995895e-24,3.358402716119177,0.6889147490259865,298.15
41.5,3.169837472119278e-22,3.358403433002163,0.6889147490259865,298.15
41.533333333333324,-3.3307668608612904e-23,3.3584038719870413,0.6889147490259865,298.15
41.56666666666667,1.4132782700803158e-23,3.3584041518397574,0.6889147490259865,298.15
41.6,6.583942123745234e-25,3.3584043464946656,0.6889147490259865,298.15
41.63333333333333,8.201141762581784e-18,3.358404473006598,0.6889147490259865,298.15
41.666666666666664,-1.5767622879684487e-17,3.358404557098461,0.6889147490259865,298.15
41.7,3.1024260087289626e-18,3.3584046137438643,0.6889147490259865,298.15
41.733333333333334,1.5144949490229814e-18,3.3584046521956425,0.6889147490259865,298.15
41.766666666666666,-3.6197970013548338e-19,3.358404678411716,0.6889147490259865,298.15
41.8,-2.3312247019675023e-18,3.3584046963297607,0.6889147490259865,298.15
41.83333333333333,2.4222012054365648e-18,3.3584047085933424,0.6889147490259865,298.15
41.86666666666667,-1.930734494082519e-18,3.358404716993441,0.6889147490259865,298.15
41.9,4.922677146460532e-19,3.3584047227497584,0.6889147490259865,298.15
41.93333333333333,-9.164252455157802e-20,3.358404726695392,0.6889147490259865,298.15
41.96666666666666,-8.811642273020717e-20,3.358404729400308,0.6889147490259865,298.15
42.0,1.5566354509838143e-19,3.3584047312548257,0.6889147490259865,298.15
42.03333333333333,7.577458317527124e-20,3.358404732526374,0.6889147490259865,298.15
42.06666666666667,-1.0386120537982314e-19,3.3584047333982445,0.6889147490259865,298.15
42.099999999999994,1.5239370066203052e-20,3.358404733996084,0.6889147490259865,298.15
42.13333333333333,-4.6846639099786454e-20,3.3584047344060295,0.6889147490259865,298.15
42.166666666666664,6.104618389286627e-20,3.35840473468714,0.6889147490259865,298.15
42.2,-2.191432547833117e-22,3.358404734879908,0.6889147490259865,298.15
42.23333333333333,-1.0,3.807335541698016,0.6555814156925875,298.15
42.26666666666666,-0.9999999999999998,3.8222878248851235,0.6222480823592332,298.15
42.3,-1.0,3.822506520342299,0.5889147490259202,298.15
42.333333333333336,-1.0,3.821834218498333,0.5555814156926093,298.15
42.36666666666667,-1.0,3.8222006759181504,0.5222480823592907,298.15
42.39999999999999,-1.0,3.8238140678425583,0.48891474902593923,298.15
42.43333333333333,-1.0,3.826910060036795,0.4555814156926001,298.15
42.46666666666667,-1.0,3.8318280413474826,0.4222480823592627,298.15
42.5,-1.0,3.8393748279021365,0.38891474902592815,298.15
42.533333333333324,-0.9999999999999997,3.8480393002652695,0.3555814156925673,298.15
42.56666666666667,-1.0,3.8538549436676934,0.32224808235925106,298.15
42.6,-1.0,3.858964810605195,0.2889147490259389,298.15
42.63333333333333,-1.0,3.864871217711712,0.25558141569260323,298.15
42.66666666666666,-1.0,3.8723359876608505,0.22224808235926577,298.15
42.7,-1.0,3.8819229663054022,0.18891474902591707,298.15
42.733333333333334,-1.0,3.894107159158983,0.15558141569257006,298.15
42.766666666666666,-1.0,3.9092482530387804,0.12224808235923372,298.15
42.79999999999999,-1.0,3.927519544131068,0.088914749025891,298.15
42.833333333333336,-0.9999999999999996,3.9487483687783302,0.05558141569254769,298.15
42.86666666666667,-1.0,3.9721735983622075,0.022248082359223136,298.15
42.9,-1.0,3.996519722027793,-0.011085250974107555,298.15
42.93333333333332,-1.0000000000000018,4.023489994190706,-0.044418584307435435,298.15
42.96666666666666,-0.9999999999999997,4.080797818310426,-0.07775191764080218,298.15
42.99999999999999,-0.6348904150768433,4.099999999999994,-0.10621088301369655,298.15
43.033333333333324,-0.40232337173318333,4.1,-0.12310523999640881,298.15
43.066666666666656,-0.27237502989812173,4.1,-0.13415460506585056,298.15
43.099999999999994,-0.19460121312711334,4.1,-0.14183560762929776,298.15
43.133333333333326,-0.1447460162106008,4.1,-0.1474335810905752,298.15
43.16666666666666,-0.11088475667962089,4.1,-0.15165937934942503,298.15
43.2,-0.08683171533518796,4.1,-0.15493169304500493,298.15
43.23333333333333,-0.06912807564456885,4.1,-0.1575170484808223,298.15
43.26666666666666,-0.055748335429422,4.099999999999999,-0.15958835727452814,298.15
43.29999999999999,8.878267087414875e-24,4.0888447585039,-0.15958835727452814,298.15
43.33333333333333,1.1229499642757372e-18,4.0884843254,-0.15958835727452814,298.15
43.36666666666666,-5.017342620287135e-18,4.088358409540887,-0.15958835727452814,298.15
43.39999999999999,6.511466279839272e-18,4.088305848373071,-0.15958835727452814,298.15
43.43333333333332,1.377749818854241e-17,4.08828158907887,-0.15958835727452814,298.15
43.46666666666666,-3.121273555728665e-19,4.088269398993914,-0.15958835727452814,298.15
43.49999999999999,-1.415189761251262e-21,4.088262548149231,-0.15958835727452814,298.15
43.533333333333324,-2.186535172514581e-22,4.088258334012334,-0.15958835727452814,298.15
43.566666666666656,3.4195998143751746e-22,4.088255518472606,-0.15958835727452814,298.15
43.599999999999994,2.0363323246883533e-22,4.088253526952927,-0.15958835727452814,298.15
43.633333333333326,1.7018138045596803e-23,4.088252065509315,-0.15958835727452814,298.15
43.66666666666666,2.765659115125907e-20,4.088251010634978,-0.15958835727452814,298.15
43.69999999999999,-2.3737530201107246e-20,4.088250193062236,-0.15958835727452814,298.15
43.73333333333333,1.0557974322360414e-20,4.088249553724676,-0.15958835727452814,298.15
43.76666666666666,3.692695720158392e-21,4.088249050035034,-0.15958835727452814,298.15
43.79999999999999,2.6147567245648882e-17,4.088248636255675,-0.15958835727452814,298.15
43.83333333333333,-2.586034693692644e-20,4.088248309921601,-0.15958835727452814,298.15
43.86666666666666,-2.463104633810234e-18,4.088248050907648,-0.15958835727452814,298.15
43.89999999999999,-1.9362025045622558e-18,4.088247844157405,-0.15958835727452814,298.15
43.93333333333332,-7.404678580225225e-19,4.088247678287881,-0.15958835727452814,298.15
43.96666666666666,1.1543741820292219e-18,4.088247544614023,-0.15958835727452814,298.15
43.99999999999999,6.102941227717679e-19,4.088247436454326,-0.15958835727452814,298.15
44.033333333333324,-1.6162007895480288e-18,4.088247348629043,-0.15958835727452814,298.15
44.066666666666656,8.175457644727419e-19,4.088247277093659,-0.15958835727452814,298.15
44.099999999999994,1.1348476170617535e-18,4.088247218668736,-0.15958835727452814,298.15
44.133333333333326,1.6522588274230925e-19,4.0882471708391614,-0.15958835727452814,298.15
44.16666666666666,-1.1479670781297196e-18,4.0882471316038025,-0.15958835727452814,298.15
44.19999999999999,7.935853330039596e-19,4.088247099362036,-0.15958835727452814,298.15
44.23333333333333,-9.884738154219126e-19,4.088247072827455,-0.15958835727452814,298.15
44.26666666666666,-1.097016417099472e-19,4.088247050961744,-0.15958835727452814,298.15
