Variant,Cycle,SEI Thickness [m],Growth Rate [m/cycle],Crack Length [m],Period
Baseline,1,5.343481752173398e-09,0.0,2.0000033531782267e-08,Cycling
Baseline,2,5.8556891562902294e-09,5.122074041168314e-10,2.0000128463479433e-08,Cycling
Baseline,3,6.326533561182539e-09,4.708444048923098e-10,2.0000223388523483e-08,Cycling
Baseline,4,6.764676352270433e-09,4.381427910878936e-10,2.0000318301307317e-08,Cycling
Baseline,5,7.176118376873813e-09,4.1144202460338034e-10,2.0000413203345522e-08,Cycling
Baseline,6,7.565222544655799e-09,3.891041677819855e-10,2.0000508096187076e-08,Cycling
Baseline,7,7.93527904158204e-09,3.7005649692624067e-10,2.000060298150974e-08,Cycling
Baseline,8,8.288841819132328e-09,3.5356277755028905e-10,2.0000697859153033e-08,Cycling
Baseline,9,8.627940644992783e-09,3.390988258604542e-10,2.0000792731495686e-08,Cycling
Baseline,10,8.954220179005196e-09,3.262795340124133e-10,2.000088759981092e-08,Cycling
Baseline,11,9.269035996875059e-09,3.1481581786986304e-10,2.000098246312334e-08,Cycling
Baseline,12,9.573519162070957e-09,3.044831651958984e-10,2.0001077318939076e-08,Cycling
Baseline,13,9.868627311366574e-09,2.951081492956169e-10,2.000117216663371e-08,Cycling
Baseline,14,1.0155177661403891e-08,2.865503500373167e-10,2.0001267014060612e-08,Cycling
Baseline,15,1.0433875998496754e-08,2.786983370928633e-10,2.0001361852461344e-08,Cycling
Baseline,16,1.0705336100354578e-08,2.714601018578235e-10,2.000145668484096e-08,Cycling
Baseline,17,1.0970095613634703e-08,2.647595132801255e-10,2.0001551517185892e-08,Cycling
Baseline,18,1.1228628651466767e-08,2.585330378320641e-10,2.0001646340391197e-08,Cycling
Baseline,19,1.1481356141423555e-08,2.527274899567881e-10,2.00017411505586e-08,Cycling
Baseline,20,1.1728653382005383e-08,2.4729724058182754e-10,2.0001835965461527e-08,Cycling
Baseline,21,1.1970857110661949e-08,2.4220372865656575e-10,2.000193077503733e-08,Cycling
Baseline,22,1.2208270527227366e-08,2.374134165654169e-10,2.0002025585961505e-08,Cycling
Baseline,23,1.2441168207722127e-08,2.3289768049476185e-10,2.000212038834177e-08,Cycling
Baseline,24,1.2669799398601315e-08,2.286311908791871e-10,2.0002215186838122e-08,Cycling
Baseline,25,1.2894390580001497e-08,2.2459118140018292e-10,2.0002309978959012e-08,Cycling
Baseline,26,1.3115149786639872e-08,2.2075920663837435e-10,2.000240477847975e-08,Cycling
Baseline,27,1.3332267224006962e-08,2.1711743736709067e-10,2.000249956345344e-08,Cycling
Baseline,28,1.3545917873307376e-08,2.1365064930041343e-10,2.0002594348713638e-08,Cycling
Baseline,29,1.3756263846929249e-08,2.10345973621873e-10,2.000268913083112e-08,Cycling
Baseline,30,1.396345400513523e-08,2.0719015820598078e-10,2.0002783904225036e-08,Cycling
Baseline,31,1.4167627056443475e-08,2.0417305130824515e-10,2.0002878668226715e-08,Cycling
Baseline,32,1.4368911385656181e-08,2.0128432921270646e-10,2.0002973442295077e-08,Cycling
Baseline,33,1.456742720915172e-08,1.9851582349553938e-10,2.00030682086001e-08,Cycling
Baseline,34,1.4763285961551424e-08,1.9585875239970327e-10,2.0003162980195734e-08,Cycling
Baseline,35,1.4956591884520433e-08,1.9330592296900935e-10,2.000325774169992e-08,Cycling
Baseline,36,1.514744294775671e-08,1.9085106323627734e-10,2.0003352506658114e-08,Cycling
Baseline,37,1.533593070043613e-08,1.8848775267942055e-10,2.0003447269422745e-08,Cycling
Baseline,38,1.5522141253568855e-08,1.8621055313272415e-10,2.0003542029363914e-08,Cycling
Baseline,39,1.5706155887318226e-08,1.8401463374937088e-10,2.0003636784385522e-08,Cycling
Baseline,40,1.588805051052672e-08,1.8189462320849503e-10,2.0003731532798043e-08,Cycling
Baseline,41,1.606789710275959e-08,1.798465922328697e-10,2.000382628830136e-08,Cycling
Baseline,42,1.624576412259378e-08,1.778670198341903e-10,2.0003921035254785e-08,Cycling
Baseline,43,1.642171578913078e-08,1.759516665369978e-10,2.000401577837759e-08,Cycling
Baseline,44,1.65958127059357e-08,1.7409691680492015e-10,2.0004110518290977e-08,Cycling
Baseline,45,1.676811277754837e-08,1.7230007161267134e-10,2.000420526257287e-08,Cycling
Baseline,46,1.6938670873172196e-08,1.7055809562382588e-10,2.0004299996820905e-08,Cycling
Baseline,47,1.7107539082729614e-08,1.6886820955741758e-10,2.0004394732073488e-08,Cycling
Baseline,48,1.7274766929884753e-08,1.672278471551387e-10,2.0004489458065176e-08,Cycling
Baseline,49,1.7440401532179854e-08,1.656346022951009e-10,2.0004584184641198e-08,Cycling
Baseline,50,1.7604487897667885e-08,1.6408636548803143e-10,2.0004678907780727e-08,Cycling
Baseline,51,1.8956046057818637e-08,1.351558160150752e-09,2.0004773614211754e-08,Post-Rest (96hr)
Baseline,52,1.910722505428404e-08,1.5117899646540428e-10,2.0004868313569202e-08,Cycling
Baseline,53,1.9257226350313674e-08,1.5000129602963242e-10,2.0004963009573396e-08,Cycling
Baseline,54,1.940607729903338e-08,1.488509487197079e-10,2.0005057699176578e-08,Cycling
Baseline,55,1.955380412688829e-08,1.477268278549081e-10,2.0005152395806127e-08,Cycling
Baseline,56,1.9700432348624153e-08,1.466282217358632e-10,2.000524709000634e-08,Cycling
Baseline,57,1.9845986300811952e-08,1.4555395218779945e-10,2.0005341782214008e-08,Cycling
Baseline,58,1.9990489086256617e-08,1.4450278544466455e-10,2.0005436469122775e-08,Cycling
Baseline,59,2.0133963584422345e-08,1.4347449816572772e-10,2.0005531153020532e-08,Cycling
Baseline,60,2.027643153479968e-08,1.4246795037733497e-10,2.000562583720312e-08,Cycling
Baseline,61,2.0417913905974784e-08,1.4148237117510417e-10,2.0005720515049045e-08,Cycling
Baseline,62,2.0558431215133878e-08,1.4051730915909404e-10,2.0005815192829474e-08,Cycling
Baseline,63,2.069800294379721e-08,1.3957172866333095e-10,2.000590986552232e-08,Cycling
Baseline,64,2.0836647990003063e-08,1.3864504620585385e-10,2.0006004539016042e-08,Cycling
Baseline,65,2.0974384966593325e-08,1.3773697659026243e-10,2.0006099209605498e-08,Cycling
Baseline,66,2.1111231540966393e-08,1.3684657437306838e-10,2.000619387520499e-08,Cycling
Baseline,67,2.1247204951543132e-08,1.3597341057673843e-10,2.000628854867809e-08,Cycling
Baseline,68,2.138232166861588e-08,1.351167170727498e-10,2.0006383214924086e-08,Cycling
Baseline,69,2.1516597955868456e-08,1.342762872525745e-10,2.0006477882029487e-08,Cycling
Baseline,70,2.165004963062405e-08,1.334516747555945e-10,2.0006572548425988e-08,Cycling
Baseline,71,2.1782691381377314e-08,1.3264175075326314e-10,2.0006667203301438e-08,Cycling
Baseline,72,2.191453834286682e-08,1.3184696148950642e-10,2.0006761864597494e-08,Cycling
Baseline,73,2.2045604497622354e-08,1.310661547555342e-10,2.0006856530549637e-08,Cycling
Baseline,74,2.2175903644255515e-08,1.3029914663316025e-10,2.000695118768793e-08,Cycling
Baseline,75,2.2305449343110727e-08,1.2954569885521275e-10,2.0007045838007377e-08,Cycling
Baseline,76,2.2434254486069945e-08,1.2880514295921791e-10,2.0007140489065223e-08,Cycling
Baseline,77,2.256233187191846e-08,1.2807738584851574e-10,2.0007235144611467e-08,Cycling
Baseline,78,2.2689693753414232e-08,1.273618814957708e-10,2.000732979120572e-08,Cycling
Baseline,79,2.281635204209928e-08,1.2665828868504968e-10,2.000742442665039e-08,Cycling
Baseline,80,2.2942318480075917e-08,1.2596643797663598e-10,2.0007519060977325e-08,Cycling
Baseline,81,2.3067604373011417e-08,1.2528589293549999e-10,2.0007613704907187e-08,Cycling
Baseline,82,2.319222064125786e-08,1.2461626824644334e-10,2.0007708342907692e-08,Cycling
Baseline,83,2.331617799086056e-08,1.2395734960269899e-10,2.0007802978835833e-08,Cycling
Baseline,84,2.34394869939743e-08,1.2330900311373918e-10,2.0007897626255523e-08,Cycling
Baseline,85,2.3562157774286346e-08,1.2267078031204738e-10,2.000799225894218e-08,Cycling
Baseline,86,2.3684200256497948e-08,1.2204248221160138e-10,2.0008086894994604e-08,Cycling
Baseline,87,2.3805623966592105e-08,1.214237100941571e-10,2.0008181516342653e-08,Cycling
Baseline,88,2.3926438479695192e-08,1.2081451310308716e-10,2.0008276135567873e-08,Cycling
Baseline,89,2.404665284539175e-08,1.2021436569655788e-10,2.0008370760985482e-08,Cycling
Baseline,90,2.416627592689293e-08,1.1962308150117866e-10,2.0008465383309086e-08,Cycling
Baseline,91,2.4285316746827468e-08,1.1904081993453896e-10,2.0008560009950406e-08,Cycling
Baseline,92,2.4403783578102817e-08,1.184668312753496e-10,2.0008654630146237e-08,Cycling
Baseline,93,2.452168472639095e-08,1.1790114828813207e-10,2.0008749253312442e-08,Cycling
Baseline,94,2.4639028473908524e-08,1.1734374751757462e-10,2.0008843870968355e-08,Cycling
Baseline,95,2.4755822403965073e-08,1.1679393005654968e-10,2.000893848781807e-08,Cycling
Baseline,96,2.4872074426731162e-08,1.1625202276608844e-10,2.0009033100804327e-08,Cycling
Baseline,97,2.4987792173003996e-08,1.1571774627283438e-10,2.0009127714198932e-08,Cycling
Baseline,98,2.510298301664871e-08,1.1519084364471527e-10,2.0009222322752546e-08,Cycling
Baseline,99,2.521765391351403e-08,1.1467089686531703e-10,2.000931692939427e-08,Cycling
Baseline,100,2.5331812134746747e-08,1.1415822123271819e-10,2.0009411533651647e-08,Cycling
Baseline,101,2.6289439100628483e-08,9.576269658817358e-10,2.0009506128105706e-08,Post-Rest (96hr)
Baseline,102,2.6399029993194137e-08,1.0959089256565397e-10,2.0009600712494195e-08,Cycling
Baseline,103,2.6508173729467445e-08,1.0914373627330816e-10,2.0009695292661782e-08,Cycling
Baseline,104,2.6616875727773732e-08,1.0870199830628696e-10,2.0009789870501402e-08,Cycling
Baseline,105,2.6725141546749022e-08,1.0826581897529038e-10,2.0009884446895044e-08,Cycling
Baseline,106,2.6832976276481115e-08,1.0783472973209254e-10,2.000997901604368e-08,Cycling
Baseline,107,2.694038511145189e-08,1.074088349707745e-10,2.001007358965226e-08,Cycling
Baseline,108,2.7047373250776244e-08,1.06988139324355e-10,2.001016815907659e-08,Cycling
Baseline,109,2.715394544522033e-08,1.0657219444408741e-10,2.0010262728361636e-08,Cycling
Baseline,110,2.726010670790478e-08,1.061612626844478e-10,2.0010357294510732e-08,Cycling
Baseline,111,2.7365861705558805e-08,1.0575499765402553e-10,2.0010451859027116e-08,Cycling
Baseline,112,2.747121513989589e-08,1.0535343433708459e-10,2.0010546421494375e-08,Cycling
Baseline,113,2.7576171649136497e-08,1.0495650924060765e-10,2.001064098420355e-08,Cycling
Baseline,114,2.7680735694254812e-08,1.0456404511831498e-10,2.0010735547255078e-08,Cycling
Baseline,115,2.7784911801062833e-08,1.0417610680802105e-10,2.0010830105513754e-08,Cycling
Baseline,116,2.7888704041727524e-08,1.0379224066469066e-10,2.0010924662965368e-08,Cycling
Baseline,117,2.7992116767446404e-08,1.0341272571888013e-10,2.001101922002957e-08,Cycling
Baseline,118,2.8095154273997375e-08,1.0303750655097072e-10,2.001111377204965e-08,Cycling
Baseline,119,2.8197820594148076e-08,1.026663201507009e-10,2.0011208322295315e-08,Cycling
Baseline,120,2.8300119718754946e-08,1.022991246068705e-10,2.0011302869895975e-08,Cycling
Baseline,121,2.840205566459091e-08,1.0193594583596464e-10,2.0011397418923024e-08,Cycling
Baseline,122,2.850363228676114e-08,1.0157662217023098e-10,2.0011491962332115e-08,Cycling
Baseline,123,2.8604853346447748e-08,1.0122105968660645e-10,2.001158650697973e-08,Cycling
Baseline,124,2.870572259910639e-08,1.0086925265864209e-10,2.0011681048626962e-08,Cycling
Baseline,125,2.8806243866909334e-08,1.0052126780294424e-10,2.0011775589370228e-08,Cycling
Baseline,126,2.8906420513804898e-08,1.0017664689556317e-10,2.0011870116750276e-08,Cycling
Baseline,127,2.9006256187092373e-08,9.983567328747578e-11,2.0011964656869864e-08,Cycling
Baseline,128,2.9105754491475903e-08,9.949830438352929e-11,2.0012059189064814e-08,Cycling
Baseline,129,2.9204918699630176e-08,9.916420815427285e-11,2.00121537233687e-08,Cycling
Baseline,130,2.9303752283525776e-08,9.883358389560046e-11,2.0012248253854455e-08,Cycling
Baseline,131,2.9402258486280087e-08,9.850620275431078e-11,2.0012342782818245e-08,Cycling
Baseline,132,2.9500440639165157e-08,9.818215288506994e-11,2.001243730812987e-08,Cycling
Baseline,133,2.9598302095662146e-08,9.786145649698916e-11,2.0012531833988598e-08,Cycling
Baseline,134,2.9695845592223163e-08,9.75434965610168e-11,2.0012626355877755e-08,Cycling
Baseline,135,2.9793074467569964e-08,9.722887534680099e-11,2.0012720877937462e-08,Cycling
Baseline,136,2.988999189809169e-08,9.691743052172477e-11,2.0012815394625135e-08,Cycling
Baseline,137,2.998660065067222e-08,9.660875258053318e-11,2.0012909908766855e-08,Cycling
Baseline,138,3.008290391742014e-08,9.630326674791715e-11,2.0013004428073167e-08,Cycling
Baseline,139,3.0178904420516254e-08,9.600050309611535e-11,2.001309894029946e-08,Cycling
Baseline,140,3.0274605263927335e-08,9.570084341108068e-11,2.0013193451183823e-08,Cycling
Baseline,141,3.037000892608623e-08,9.540366215889556e-11,2.0013287961960135e-08,Cycling
Baseline,142,3.046511847821161e-08,9.510955212537726e-11,2.0013382467017328e-08,Cycling
Baseline,143,3.0559936582190834e-08,9.481810397922689e-11,2.0013476972343e-08,Cycling
Baseline,144,3.0654465604852004e-08,9.452902266116934e-11,2.001357147847766e-08,Cycling
Baseline,145,3.074870848716443e-08,9.424288231242382e-11,2.0013665984420377e-08,Cycling
Baseline,146,3.084266778032199e-08,9.39592931575646e-11,2.00137604748456e-08,Cycling
Baseline,147,3.09363460203516e-08,9.36782400296065e-11,2.0013854979469635e-08,Cycling
Baseline,148,3.102974569360883e-08,9.339967325723386e-11,2.00139494886385e-08,Cycling
Baseline,149,3.112286934020432e-08,9.312364659548684e-11,2.001404398192621e-08,Cycling
Baseline,150,3.1215719420668504e-08,9.285008046418407e-11,2.0014138475332653e-08,Cycling
Baseline,151,3.199798920104307e-08,7.822697803745675e-10,2.0014232955052985e-08,Post-Rest (96hr)
Baseline,152,3.208835189588979e-08,9.036269484672198e-11,2.0014327417621205e-08,Cycling
Baseline,153,3.2178464759608865e-08,9.011286371907159e-11,2.0014421883503435e-08,Cycling
Baseline,154,3.226832971047676e-08,8.986495086789637e-11,2.0014516343034727e-08,Cycling
Baseline,155,3.2357948840792976e-08,8.96191303162146e-11,2.0014610806294817e-08,Cycling
Baseline,156,3.244732414656656e-08,8.937530577358554e-11,2.001470526635374e-08,Cycling
Baseline,157,3.253645780776386e-08,8.913366119730118e-11,2.0014799720486413e-08,Cycling
Baseline,158,3.262535150807639e-08,8.889370031252458e-11,2.001489417707721e-08,Cycling
Baseline,159,3.2714007290577237e-08,8.865578250084968e-11,2.0014988628689632e-08,Cycling
Baseline,160,3.2802426970372765e-08,8.84196797955282e-11,2.0015083083810778e-08,Cycling
Baseline,161,3.2890612652291015e-08,8.818568191825053e-11,2.0015177541984015e-08,Cycling
Baseline,162,3.297856602785029e-08,8.79533755592768e-11,2.001527198753063e-08,Cycling
Baseline,163,3.30662888647032e-08,8.772283685290618e-11,2.0015366434451813e-08,Cycling
Baseline,164,3.315378295983482e-08,8.749409513162493e-11,2.0015460875501988e-08,Cycling
Baseline,165,3.3241050248709476e-08,8.72672888746526e-11,2.0015555315825974e-08,Cycling
Baseline,166,3.3328092297548575e-08,8.704204883909872e-11,2.001564975824073e-08,Cycling
Baseline,167,3.341491093478482e-08,8.681863723624777e-11,2.0015744195699696e-08,Cycling
Baseline,168,3.350150770112243e-08,8.659676633761025e-11,2.0015838633596444e-08,Cycling
Baseline,169,3.3587884471193866e-08,8.63767700714334e-11,2.001593306608778e-08,Cycling
Baseline,170,3.367404290242719e-08,8.615843123332327e-11,2.0016027499067896e-08,Cycling
Baseline,171,3.375998435062032e-08,8.594144819313341e-11,2.001612192778588e-08,Cycling
Baseline,172,3.384571058021401e-08,8.572622959369036e-11,2.001621635320928e-08,Cycling
Baseline,173,3.3931223323661245e-08,8.551274344723162e-11,2.0016310776287202e-08,Cycling
Baseline,174,3.401652408034268e-08,8.530075668143842e-11,2.0016405195104135e-08,Cycling
Baseline,175,3.410161430008764e-08,8.509021974495614e-11,2.001649961186812e-08,Cycling
Baseline,176,3.41864956268523e-08,8.48813267646602e-11,2.001659403191195e-08,Cycling
Baseline,177,3.427116940182025e-08,8.467377496794866e-11,2.0016688447712343e-08,Cycling
Baseline,178,3.435563720815022e-08,8.446780632997269e-11,2.0016782860719772e-08,Cycling
Baseline,179,3.443990048700504e-08,8.426327885481725e-11,2.0016877273353924e-08,Cycling
Baseline,180,3.452396069543798e-08,8.406020843293954e-11,2.0016971684644407e-08,Cycling
Baseline,181,3.4607819350819374e-08,8.385865538139692e-11,2.0017066091198857e-08,Cycling
Baseline,182,3.46914777538094e-08,8.36584029900259e-11,2.001716049502898e-08,Cycling
Baseline,183,3.477493716056964e-08,8.345940676024177e-11,2.0017254890310353e-08,Cycling
Baseline,184,3.4858199088136095e-08,8.326192756645293e-11,2.0017349290564814e-08,Cycling
Baseline,185,3.494126497260005e-08,8.306588446395426e-11,2.0017443683576277e-08,Cycling
Baseline,186,3.502413599041057e-08,8.287101781051882e-11,2.0017538073931212e-08,Cycling
Baseline,187,3.5106813404444396e-08,8.267741403382836e-11,2.0017632462079895e-08,Cycling
Baseline,188,3.518929872405204e-08,8.248531960764593e-11,2.0017726847595658e-08,Cycling
Baseline,189,3.527159310255388e-08,8.22943785018355e-11,2.001782122570043e-08,Cycling
Baseline,190,3.5353697920770884e-08,8.21048182170059e-11,2.0017915609268493e-08,Cycling
Baseline,191,3.543561417799074e-08,8.191625721985832e-11,2.0018009985918197e-08,Cycling
Baseline,192,3.5517343248265886e-08,8.172907027514393e-11,2.0018104368562033e-08,Cycling
Baseline,193,3.5598886329843864e-08,8.154308157797831e-11,2.0018198743432203e-08,Cycling
Baseline,194,3.5680244651111643e-08,8.135832126777896e-11,2.0018293108762824e-08,Cycling
Baseline,195,3.576141922979973e-08,8.117457868808718e-11,2.0018387477422258e-08,Cycling
Baseline,196,3.5842411266912926e-08,8.099203711319522e-11,2.0018481848304558e-08,Cycling
Baseline,197,3.5923222048856035e-08,8.08107819431089e-11,2.0018576217063528e-08,Cycling
Baseline,198,3.600385239065901e-08,8.063034180297397e-11,2.0018670580564974e-08,Cycling
Baseline,199,3.608430365948067e-08,8.045126882166151e-11,2.0018764939259257e-08,Cycling
Baseline,200,3.61645767998189e-08,8.027314033822764e-11,2.001885929099911e-08,Cycling
No LAM,1,5.343479934356215e-09,0.0,2.0000033531763834e-08,Cycling
No LAM,2,5.855679804920074e-09,5.121998705638588e-10,2.0000128460418293e-08,Cycling
No LAM,3,6.326517938647433e-09,4.708381337273591e-10,2.0000223378918044e-08,Cycling
No LAM,4,6.764653939389308e-09,4.38136000741875e-10,2.0000318289488805e-08,Cycling
No LAM,5,7.176088871118721e-09,4.114349317294133e-10,2.0000413190804683e-08,Cycling
No LAM,6,7.56518685563284e-09,3.890979845141185e-10,2.0000508083365148e-08,Cycling
No LAM,7,7.935236728465282e-09,3.7004987283244263e-10,2.0000602967327862e-08,Cycling
No LAM,8,8.288793065453132e-09,3.535563369878495e-10,2.0000697841704562e-08,Cycling
No LAM,9,8.627885202818793e-09,3.390921373656609e-10,2.0000792712094535e-08,Cycling
No LAM,10,8.954158777684675e-09,3.2627357486588244e-10,2.000088756936514e-08,Cycling
No LAM,11,9.268967592527311e-09,3.148088148426362e-10,2.000098242530484e-08,Cycling
No LAM,12,9.573443799001442e-09,3.044762064741311e-10,2.0001077277542018e-08,Cycling
No LAM,13,9.868544690984472e-09,2.951008919830294e-10,2.0001172121551495e-08,Cycling
No LAM,14,1.0155088693401449e-08,2.8654400241697683e-10,2.0001266960036278e-08,Cycling
No LAM,15,1.0433780018712826e-08,2.7869132531137726e-10,2.0001361795711513e-08,Cycling
No LAM,16,1.0705232873386551e-08,2.7145285467372515e-10,2.0001456628196547e-08,Cycling
No LAM,17,1.096998509712131e-08,2.6475222373475966e-10,2.0001551454331028e-08,Cycling
No LAM,18,1.1228510913404e-08,2.5852581628268996e-10,2.0001646276348406e-08,Cycling
No LAM,19,1.1481230845816955e-08,2.527199324129539e-10,2.000174109288714e-08,Cycling
No LAM,20,1.1728520600466101e-08,2.472897546491465e-10,2.0001835898429642e-08,Cycling
No LAM,21,1.19707166759776e-08,2.421960755114994e-10,2.0001930705898356e-08,Cycling
No LAM,22,1.220812281604956e-08,2.3740614007196025e-10,2.0002025506030328e-08,Cycling
No LAM,23,1.2441012587628451e-08,2.328897715788905e-10,2.00021203065061e-08,Cycling
No LAM,24,1.2669635711624897e-08,2.286231239964456e-10,2.000221510132984e-08,Cycling
No LAM,25,1.2894219046247458e-08,2.2458333462256093e-10,2.0002309898722483e-08,Cycling
No LAM,26,1.3114970167535379e-08,2.2075112128792074e-10,2.0002404695918576e-08,Cycling
No LAM,27,1.333207953652512e-08,2.1710936898974134e-10,2.0002499477954434e-08,Cycling
No LAM,28,1.3545722109958087e-08,2.136425734329668e-10,2.000259426024052e-08,Cycling
No LAM,29,1.375605967525738e-08,2.1033756529929352e-10,2.0002689044043093e-08,Cycling
No LAM,30,1.39632415103873e-08,2.071818351299204e-10,2.0002783815180926e-08,Cycling
No LAM,31,1.4167406173038957e-08,2.0416466265165641e-10,2.0002878583456637e-08,Cycling
No LAM,32,1.4368682102128408e-08,2.0127592908945056e-10,2.000297335227367e-08,Cycling
No LAM,33,1.4567189371882991e-08,1.9850726975458338e-10,2.000306811525618e-08,Cycling
No LAM,34,1.4763039473223595e-08,1.958501013406041e-10,2.0003162882925935e-08,Cycling
No LAM,35,1.49563368987292e-08,1.9329742550560562e-10,2.0003257637005834e-08,Cycling
No LAM,36,1.5147179401504963e-08,1.9084250277576265e-10,2.0003352389753744e-08,Cycling
No LAM,37,1.533565846658667e-08,1.8847906508170562e-10,2.000344714229283e-08,Cycling
No LAM,38,1.5521860407520653e-08,1.8620194093398451e-10,2.0003541888366763e-08,Cycling
No LAM,39,1.5705866105597965e-08,1.8400569807731166e-10,2.0003636632638037e-08,Cycling
No LAM,40,1.588775196977229e-08,1.818858641743242e-10,2.00037313731456e-08,Cycling
No LAM,41,1.606758976786986e-08,1.7983779809757082e-10,2.0003826124275955e-08,Cycling
No LAM,42,1.6245447856512835e-08,1.7785808864297507e-10,2.0003920859976368e-08,Cycling
No LAM,43,1.642139023788627e-08,1.759423813734337e-10,2.0004015598125453e-08,Cycling
No LAM,44,1.6595478052432958e-08,1.7408781454668936e-10,2.000411032935851e-08,Cycling
No LAM,45,1.6767769003943528e-08,1.7229095151056986e-10,2.0004205065158288e-08,Cycling
No LAM,46,1.693831778469464e-08,1.7054878075111054e-10,2.0004299787747537e-08,Cycling
No LAM,47,1.7107176635862557e-08,1.6885885116791804e-10,2.0004394508668568e-08,Cycling
No LAM,48,1.7274395078951666e-08,1.6721844308910956e-10,2.0004489233849662e-08,Cycling
No LAM,49,1.7440020339831302e-08,1.656252608796354e-10,2.000458395096268e-08,Cycling
No LAM,50,1.760409726483874e-08,1.6407692500743715e-10,2.0004678665693595e-08,Cycling
No LAM,51,1.895566703998785e-08,1.3515697751491118e-09,2.000477336893711e-08,Post-Rest (96hr)
No LAM,52,1.9106833243514925e-08,1.5116620352707418e-10,2.0004868057239072e-08,Cycling
No LAM,53,1.9256821870658848e-08,1.499886271439229e-10,2.000496274238384e-08,Cycling
No LAM,54,1.9405660236798165e-08,1.4883836613931694e-10,2.000505742421675e-08,Cycling
No LAM,55,1.955337437132003e-08,1.4771413452186563e-10,2.0005152107780405e-08,Cycling
No LAM,56,1.9699989811057397e-08,1.4661543973736727e-10,2.000524679013196e-08,Cycling
No LAM,57,1.9845530798359708e-08,1.4554098730231045e-10,2.0005341466854093e-08,Cycling
No LAM,58,1.9990020769995475e-08,1.4448997163576688e-10,2.00054361377267e-08,Cycling
No LAM,59,2.01334823595312e-08,1.4346158953572678e-10,2.0005530805904653e-08,Cycling
No LAM,60,2.027593749311988e-08,1.4245513358867797e-10,2.000562547531494e-08,Cycling
No LAM,61,2.0417407010205504e-08,1.4146951708562418e-10,2.0005720143638243e-08,Cycling
No LAM,62,2.055791130414485e-08,1.4050429393934713e-10,2.00058148150785e-08,Cycling
No LAM,63,2.069747027825276e-08,1.3955897410790842e-10,2.0005909474043353e-08,Cycling
No LAM,64,2.0836102584885476e-08,1.38632306632717e-10,2.0006004142000404e-08,Cycling
No LAM,65,2.097382677348627e-08,1.377241886007951e-10,2.0006098803166374e-08,Cycling
No LAM,66,2.1110660385889894e-08,1.3683361240362265e-10,2.0006193459407982e-08,Cycling
No LAM,67,2.1246620818898433e-08,1.359604330085391e-10,2.0006288117091118e-08,Cycling
No LAM,68,2.1381724793311177e-08,1.3510397441274365e-10,2.000638277477102e-08,Cycling
No LAM,69,2.1515988112138803e-08,1.3426331882762597e-10,2.000647742407718e-08,Cycling
No LAM,70,2.164942665390545e-08,1.3343854176664646e-10,2.0006572071784743e-08,Cycling
No LAM,71,2.1782055505530052e-08,1.3262885162460281e-10,2.000666671576135e-08,Cycling
No LAM,72,2.191388931425256e-08,1.318338087225078e-10,2.0006761363558404e-08,Cycling
No LAM,73,2.204494232757223e-08,1.310530133196692e-10,2.0006856001722387e-08,Cycling
No LAM,74,2.2175228297492124e-08,1.30285969919895e-10,2.0006950640813246e-08,Cycling
No LAM,75,2.230476081775807e-08,1.295325202659449e-10,2.0007045274728724e-08,Cycling
No LAM,76,2.243355282949243e-08,1.2879201173436157e-10,2.0007139916879006e-08,Cycling
No LAM,77,2.256161695543292e-08,1.2806412594048837e-10,2.0007234546757554e-08,Cycling
No LAM,78,2.2688965628906516e-08,1.2734867347359697e-10,2.000732917576503e-08,Cycling
No LAM,79,2.2815610815269065e-08,1.26645186362549e-10,2.00074238022219e-08,Cycling
No LAM,80,2.294156420173101e-08,1.2595338646194417e-10,2.0007518427390086e-08,Cycling
No LAM,81,2.306683676696998e-08,1.2527256523897255e-10,2.000761305391722e-08,Cycling
No LAM,82,2.3191439732173327e-08,1.2460296520334585e-10,2.0007707670156926e-08,Cycling
No LAM,83,2.3315383799948126e-08,1.2394406777479898e-10,2.000780228445809e-08,Cycling
No LAM,84,2.343867948177941e-08,1.2329568183128272e-10,2.0007896902573132e-08,Cycling
No LAM,85,2.3561336801946945e-08,1.2265732016753563e-10,2.0007991516784075e-08,Cycling
No LAM,86,2.3683365786727356e-08,1.2202898478041143e-10,2.0008086135029295e-08,Cycling
No LAM,87,2.3804776160630675e-08,1.2141037390331858e-10,2.0008180739616412e-08,Cycling
No LAM,88,2.392557731137739e-08,1.20801150746716e-10,2.0008275350572433e-08,Cycling
No LAM,89,2.4045778318601607e-08,1.2020100722421659e-10,2.000836995996149e-08,Cycling
No LAM,90,2.416538805468256e-08,1.1960973608095334e-10,2.00084645639829e-08,Cycling
No LAM,91,2.4284415319033402e-08,1.1902726435084134e-10,2.0008559168355464e-08,Cycling
No LAM,92,2.440286847176838e-08,1.1845315273497955e-10,2.0008653767747943e-08,Cycling
No LAM,93,2.4520755955786336e-08,1.1788748401795438e-10,2.0008748365434448e-08,Cycling
No LAM,94,2.4638085988824306e-08,1.173300330379705e-10,2.0008842968411465e-08,Cycling
No LAM,95,2.4754866253738797e-08,1.1678026491449054e-10,2.0008937554337543e-08,Cycling
No LAM,96,2.4871104518826753e-08,1.1623826508795621e-10,2.0009032145848996e-08,Cycling
No LAM,97,2.4986808439409226e-08,1.1570392058247289e-10,2.0009126733135032e-08,Cycling
No LAM,98,2.510198546111706e-08,1.151770217078347e-10,2.0009221323912786e-08,Cycling
No LAM,99,2.521664264853084e-08,1.1465718741377989e-10,2.0009315921746228e-08,Cycling
No LAM,100,2.5330787107654965e-08,1.1414445912412388e-10,2.000941050362923e-08,Cycling
No LAM,101,2.6288431107255933e-08,9.576439996009681e-10,2.0009505077646593e-08,Post-Rest (96hr)
No LAM,102,2.6398005782186167e-08,1.0957467493023425e-10,2.0009599637148615e-08,Cycling
No LAM,103,2.6507133231245067e-08,1.0912744905889969e-10,2.0009694203090423e-08,Cycling
No LAM,104,2.6615818999272525e-08,1.086857680274579e-10,2.0009788760705775e-08,Cycling
No LAM,105,2.6724068454576272e-08,1.082494553037474e-10,2.0009883319356896e-08,Cycling
No LAM,106,2.683188706779397e-08,1.0781861321769945e-10,2.0009977873442565e-08,Cycling
No LAM,107,2.693927967054333e-08,1.0739260274935808e-10,2.0010072430804664e-08,Cycling
No LAM,108,2.7046251429073652e-08,1.0697175853032223e-10,2.001016697954974e-08,Cycling
No LAM,109,2.7152807266188716e-08,1.0655583711506427e-10,2.0010261527674308e-08,Cycling
No LAM,110,2.725895218346408e-08,1.061449172753653e-10,2.0010356072431362e-08,Cycling
No LAM,111,2.736469082163206e-08,1.0573863816798006e-10,2.0010450616129267e-08,Cycling
No LAM,112,2.7470027941149097e-08,1.0533711951703526e-10,2.0010545157550157e-08,Cycling
No LAM,113,2.757496806997017e-08,1.0494012882107263e-10,2.0010639697972096e-08,Cycling
No LAM,114,2.7679515594926847e-08,1.045475249566773e-10,2.001073422870997e-08,Cycling
No LAM,115,2.7783675070146178e-08,1.0415947521933151e-10,2.001082876738066e-08,Cycling
No LAM,116,2.7887450885222107e-08,1.0377581507592928e-10,2.001092330044371e-08,Cycling
No LAM,117,2.7990847105824134e-08,1.0339622060202659e-10,2.0011017832269506e-08,Cycling
No LAM,118,2.809386810778947e-08,1.0302100196533588e-10,2.0011112363036345e-08,Cycling
No LAM,119,2.8196517782758253e-08,1.026496749687836e-10,2.001120689335376e-08,Cycling
No LAM,120,2.8298800326107794e-08,1.0228254334954043e-10,2.0011301417526313e-08,Cycling
No LAM,121,2.840071970437932e-08,1.0191937827152766e-10,2.001139593580771e-08,Cycling
No LAM,122,2.8502279595765423e-08,1.0155989138610194e-10,2.0011490462744833e-08,Cycling
No LAM,123,2.8603483998522977e-08,1.0120440275755317e-10,2.001158498232565e-08,Cycling
No LAM,124,2.870433653096367e-08,1.008525324406932e-10,2.0011679499813222e-08,Cycling
No LAM,125,2.8804841005168553e-08,1.0050447420488338e-10,2.001177401292125e-08,Cycling
No LAM,126,2.8905001027034076e-08,1.0016002186552253e-10,2.001186852790837e-08,Cycling
No LAM,127,2.900481988912798e-08,9.981886209390356e-11,2.001196303879328e-08,Cycling
No LAM,128,2.910430143126948e-08,9.948154214149987e-11,2.001205754436393e-08,Cycling
No LAM,129,2.9203448859689063e-08,9.91474284195837e-11,2.0012152053544483e-08,Cycling
No LAM,130,2.9302265488089748e-08,9.88166284006847e-11,2.001224655791756e-08,Cycling
No LAM,131,2.9400754802530532e-08,9.848931444078422e-11,2.0012341058479916e-08,Cycling
No LAM,132,2.949892014436163e-08,9.816534183109933e-11,2.0012435562452493e-08,Cycling
No LAM,133,2.9596764492360828e-08,9.78443479991968e-11,2.001253006143362e-08,Cycling
No LAM,134,2.9694291044833058e-08,9.752655247223017e-11,2.001262455942316e-08,Cycling
No LAM,135,2.9791503046769655e-08,9.721200193659746e-11,2.0012719051829117e-08,Cycling
No LAM,136,2.9888403407763595e-08,9.69003609939397e-11,2.0012813551553542e-08,Cycling
No LAM,137,2.998499524980409e-08,9.659184204049151e-11,2.0012908042154546e-08,Cycling
No LAM,138,3.008128140133017e-08,9.628615152608278e-11,2.001300253038197e-08,Cycling
No LAM,139,3.017726480378188e-08,9.598340245171139e-11,2.0013097017996406e-08,Cycling
No LAM,140,3.0272948385960845e-08,9.568358217896418e-11,2.0013191501424116e-08,Cycling
No LAM,141,3.0368334932501846e-08,9.53865465410005e-11,2.0013285984126266e-08,Cycling
No LAM,142,3.046342701471702e-08,9.509208221517323e-11,2.001338046853061e-08,Cycling
No LAM,143,3.055822777255456e-08,9.480075783754329e-11,2.0013474946397066e-08,Cycling
No LAM,144,3.065273954471065e-08,9.451177215608984e-11,2.0013569421310854e-08,Cycling
No LAM,145,3.0746965124995794e-08,9.422558028514255e-11,2.0013663889024882e-08,Cycling
No LAM,146,3.0840907027336173e-08,9.394190234037889e-11,2.0013758362537515e-08,Cycling
No LAM,147,3.093456783768129e-08,9.366081034511625e-11,2.001385282946786e-08,Cycling
No LAM,148,3.10279502011411e-08,9.338236345980834e-11,2.0013947299813426e-08,Cycling
No LAM,149,3.1121056644288626e-08,9.310644314752787e-11,2.001404176198368e-08,Cycling
No LAM,150,3.121388936568046e-08,9.283272139183447e-11,2.001413621983125e-08,Cycling
No LAM,151,3.199617938326416e-08,7.822900175837023e-10,2.0014230668860887e-08,Post-Rest (96hr)
No LAM,152,3.208652247037781e-08,9.034308711364903e-11,2.0014325101819234e-08,Cycling
No LAM,153,3.2176615605233745e-08,9.00931348559329e-11,2.0014419537818826e-08,Cycling
No LAM,154,3.226646095704802e-08,8.984535181427739e-11,2.0014513972285825e-08,Cycling
No LAM,155,3.2356060398164746e-08,8.959944111672378e-11,2.00146084093779e-08,Cycling
No LAM,156,3.244541616006709e-08,8.935576190234328e-11,2.00147028322918e-08,Cycling
No LAM,157,3.2534529966175376e-08,8.911380610828699e-11,2.0014797255553373e-08,Cycling
No LAM,158,3.262340377198011e-08,8.887380580473446e-11,2.0014891680797318e-08,Cycling
No LAM,159,3.2712039694969594e-08,8.863592298948309e-11,2.001498609968781e-08,Cycling
No LAM,160,3.280043948127648e-08,8.839978630688415e-11,2.0015080519513464e-08,Cycling
No LAM,161,3.288860518666403e-08,8.816570538755512e-11,2.0015174934007286e-08,Cycling
No LAM,162,3.297653860980578e-08,8.79334231417499e-11,2.0015269348657082e-08,Cycling
No LAM,163,3.306424129647038e-08,8.770268666459457e-11,2.0015363757829238e-08,Cycling
No LAM,164,3.315171530030881e-08,8.747400383843397e-11,2.0015458162905173e-08,Cycling
No LAM,165,3.323896225092744e-08,8.724695061862971e-11,2.0015552568175945e-08,Cycling
No LAM,166,3.3325983904098213e-08,8.702165317077239e-11,2.0015646972050373e-08,Cycling
No LAM,167,3.341278208984772e-08,8.6798185749509e-11,2.0015741378277273e-08,Cycling
No LAM,168,3.349935843370817e-08,8.657634386044629e-11,2.0015835779479978e-08,Cycling
No LAM,169,3.3585714610021074e-08,8.635617631290491e-11,2.0015930177802843e-08,Cycling
No LAM,170,3.367185235327721e-08,8.613774325613707e-11,2.001602457559761e-08,Cycling
No LAM,171,3.3757773149216183e-08,8.59207959389728e-11,2.0016118971983585e-08,Cycling
No LAM,172,3.384347879630741e-08,8.570564709122389e-11,2.0016213360627858e-08,Cycling
No LAM,173,3.3928970728046685e-08,8.549193173927752e-11,2.0016307749807343e-08,Cycling
No LAM,174,3.4014250589540414e-08,8.527986149372868e-11,2.001640213071729e-08,Cycling
No LAM,175,3.409931982716415e-08,8.506923762373377e-11,2.001649651877883e-08,Cycling
No LAM,176,3.418418008315685e-08,8.486025599270488e-11,2.0016590906333196e-08,Cycling
No LAM,177,3.426883273951447e-08,8.465265635761726e-11,2.0016685283395256e-08,Cycling
No LAM,178,3.435327946460077e-08,8.444672508630125e-11,2.0016779658383972e-08,Cycling
No LAM,179,3.443752148275906e-08,8.4242018158289e-11,2.0016874032019992e-08,Cycling
No LAM,180,3.4521560422756554e-08,8.403893999749476e-11,2.0016968404211117e-08,Cycling
No LAM,181,3.460539756918639e-08,8.383714642983503e-11,2.001706277582796e-08,Cycling
No LAM,182,3.468903430771234e-08,8.36367385259479e-11,2.0017157138199305e-08,Cycling
No LAM,183,3.477247212885467e-08,8.343782114233155e-11,2.00172515000076e-08,Cycling
No LAM,184,3.485571232266629e-08,8.324019381161893e-11,2.0017345864322617e-08,Cycling
No LAM,185,3.4938756319374826e-08,8.304399670853811e-11,2.0017440227599415e-08,Cycling
No LAM,186,3.50216055307713e-08,8.28492113964773e-11,2.0017534582274682e-08,Cycling
No LAM,187,3.510426096012656e-08,8.26554293552577e-11,2.001762893881803e-08,Cycling
No LAM,188,3.51867240052508e-08,8.24630451242367e-11,2.001772329170636e-08,Cycling
No LAM,189,3.52689961175924e-08,8.227211234160362e-11,2.0017817644372055e-08,Cycling
No LAM,190,3.535107830483141e-08,8.208218723900866e-11,2.0017911995543263e-08,Cycling
No LAM,191,3.543297198343366e-08,8.189367860224826e-11,2.0018006336693684e-08,Cycling
No LAM,192,3.551467822138111e-08,8.170623794744925e-11,2.0018100675016642e-08,Cycling
No LAM,193,3.559619839511097e-08,8.1520173729865e-11,2.0018195010574244e-08,Cycling
No LAM,194,3.567753349860117e-08,8.133510349019775e-11,2.001828933411455e-08,Cycling
No LAM,195,3.575868481334866e-08,8.115131474748827e-11,2.0018383665623402e-08,Cycling
No LAM,196,3.583965343230908e-08,8.096861896042136e-11,2.001847799279522e-08,Cycling
No LAM,197,3.5920440424328144e-08,8.078699201906445e-11,2.0018572319899454e-08,Cycling
No LAM,198,3.6001046994062515e-08,8.060656973437082e-11,2.0018666642637294e-08,Cycling
No LAM,199,3.608147429501184e-08,8.042730094932238e-11,2.001876096157996e-08,Cycling
No LAM,200,3.616172318967857e-08,8.02488946667295e-11,2.00188552809491e-08,Cycling
No Plating,1,5.3534631963358286e-09,0.0,2.0000033532971432e-08,Cycling
No Plating,2,5.876130151895469e-09,5.226669555596402e-10,2.0000129223475484e-08,Cycling
No Plating,3,6.347498804415548e-09,4.713686525200791e-10,2.000022490868417e-08,Cycling
No Plating,4,6.784169704568777e-09,4.366709001532288e-10,2.000032006458573e-08,Cycling
No Plating,5,7.194225081749726e-09,4.1005537718094927e-10,2.000041523218843e-08,Cycling
No Plating,6,7.58204098920192e-09,3.8781590745219333e-10,2.000051036214668e-08,Cycling
No Plating,7,7.95089961542703e-09,3.688586262251106e-10,2.0000605479260246e-08,Cycling
No Plating,8,8.303342192308512e-09,3.5244257688148234e-10,2.0000700694185692e-08,Cycling
No Plating,9,8.641390784059525e-09,3.3804859175101254e-10,2.0000795799365085e-08,Cycling
No Plating,10,8.966682013402802e-09,3.2529122934327745e-10,2.000089089301143e-08,Cycling
No Plating,11,9.280563653908458e-09,3.1388164050565553e-10,2.0000986145795897e-08,Cycling
No Plating,12,9.584159950495252e-09,3.03596296586794e-10,2.000108138931838e-08,Cycling
No Plating,13,9.878422124663864e-09,2.94262174168612e-10,2.0001176458455903e-08,Cycling
No Plating,14,1.0164164211872141e-08,2.8574208720827773e-10,2.0001271519755366e-08,Cycling
No Plating,15,1.0442087883684724e-08,2.779236718125829e-10,2.0001366593167712e-08,Cycling
No Plating,16,1.0712802936890449e-08,2.7071505320572414e-10,2.000146165947326e-08,Cycling
No Plating,17,1.0976843857631383e-08,2.6404092074093485e-10,2.0001556718970513e-08,Cycling
No Plating,18,1.123468271070739e-08,2.5783885307600724e-10,2.000165177144205e-08,Cycling
No Plating,19,1.1486738345451821e-08,2.520556347444303e-10,2.0001746839902612e-08,Cycling
No Plating,20,1.1733384246751143e-08,2.466459012993222e-10,2.0001841902369727e-08,Cycling
No Plating,21,1.1974955442364625e-08,2.4157119561348147e-10,2.000193695909086e-08,Cycling
No Plating,22,1.2211753673103893e-08,2.367982307392683e-10,2.000203201022484e-08,Cycling
No Plating,23,1.2444050335762469e-08,2.32296662658576e-10,2.0002127085946418e-08,Cycling
No Plating,24,1.2672095263174233e-08,2.280449274117645e-10,2.000222216795866e-08,Cycling
No Plating,25,1.2896115827331276e-08,2.2402056415704232e-10,2.000231721107481e-08,Cycling
No Plating,26,1.3116316975964897e-08,2.2020114863362179e-10,2.0002412249226473e-08,Cycling
No Plating,27,1.3332888625943906e-08,2.1657164997900896e-10,2.00025072825202e-08,Cycling
No Plating,28,1.3546004975236922e-08,2.131163492930152e-10,2.0002602311080873e-08,Cycling
No Plating,29,1.3755826743240673e-08,2.0982176800375162e-10,2.000269733401244e-08,Cycling
No Plating,30,1.396250278691298e-08,2.0667604367230648e-10,2.000279235241035e-08,Cycling
No Plating,31,1.4166171062843413e-08,2.036682759304337e-10,2.0002887366387662e-08,Cycling
No Plating,32,1.4366958129664821e-08,2.0078706682140801e-10,2.0002982453548978e-08,Cycling
No Plating,33,1.4564984874284361e-08,1.980267446195398e-10,2.000307753629072e-08,Cycling
No Plating,34,1.4760362551272295e-08,1.9537767698793368e-10,2.0003172614694724e-08,Cycling
No Plating,35,1.4953195029393804e-08,1.9283247812150957e-10,2.0003267668948498e-08,Cycling
No Plating,36,1.5143579961946332e-08,1.9038493255252733e-10,2.0003362725438714e-08,Cycling
No Plating,37,1.533160859241069e-08,1.880286304643578e-10,2.000345777788385e-08,Cycling
No Plating,38,1.5517366690278856e-08,1.8575809786816676e-10,2.000355282634159e-08,Cycling
No Plating,39,1.5700934710127143e-08,1.8356801984828627e-10,2.000364787086199e-08,Cycling
No Plating,40,1.5882388858652606e-08,1.81454148525463e-10,2.000374290673692e-08,Cycling
No Plating,41,1.606180077571255e-08,1.7941191705994345e-10,2.0003837938774906e-08,Cycling
No Plating,42,1.623923826327004e-08,1.774374875574907e-10,2.0003932967040645e-08,Cycling
No Plating,43,1.6414765236285578e-08,1.7552697301553786e-10,2.0004027991577002e-08,Cycling
No Plating,44,1.658844248241081e-08,1.7367724612523384e-10,2.0004123012433244e-08,Cycling
No Plating,45,1.6760327443110835e-08,1.718849607000233e-10,2.0004218029669882e-08,Cycling
No Plating,46,1.6930475330676477e-08,1.701478875656424e-10,2.0004313043333735e-08,Cycling
No Plating,47,1.709893735171979e-08,1.6846202104331294e-10,2.0004408053469623e-08,Cycling
No Plating,48,1.7265763232963264e-08,1.6682588124347433e-10,2.0004503060112456e-08,Cycling
No Plating,49,1.7431000051181353e-08,1.652368182180884e-10,2.000459806330333e-08,Cycling
No Plating,50,1.759469259516899e-08,1.6369254398763882e-10,2.000469306308497e-08,Cycling
No Plating,51,1.894647308493215e-08,1.3517804897631591e-09,2.000478803990593e-08,Post-Rest (96hr)
No Plating,52,1.909725009098424e-08,1.5077700605208768e-10,2.0004883014420688e-08,Cycling
No Plating,53,1.924685316995811e-08,1.4960307897387175e-10,2.0004977985870815e-08,Cycling
No Plating,54,1.939530921923049e-08,1.4845604927237854e-10,2.0005072954278544e-08,Cycling
No Plating,55,1.9542644612154755e-08,1.4733539292426624e-10,2.0005167919665463e-08,Cycling
No Plating,56,1.968888444451973e-08,1.4623983236497386e-10,2.000526288205559e-08,Cycling
No Plating,57,1.9834053000663837e-08,1.4516855614410794e-10,2.000535782600048e-08,Cycling
No Plating,58,1.99781736538119e-08,1.4412065314806486e-10,2.000545276699718e-08,Cycling
No Plating,59,2.0121268995305983e-08,1.4309534149408172e-10,2.000554770029124e-08,Cycling
No Plating,60,2.0263360678074286e-08,1.4209168276830252e-10,2.0005642630666562e-08,Cycling
No Plating,61,2.0404469705772795e-08,1.411090276985095e-10,2.000573757276418e-08,Cycling
No Plating,62,2.0544616287233756e-08,1.4014658146096044e-10,2.0005832511968766e-08,Cycling
No Plating,63,2.0683819987856695e-08,1.39203700622939e-10,2.0005927448293478e-08,Cycling
No Plating,64,2.0822099853318773e-08,1.3827986546207858e-10,2.0006022381757168e-08,Cycling
No Plating,65,2.0959474224344208e-08,1.3737437102543486e-10,2.0006117312533318e-08,Cycling
No Plating,66,2.1095960633481753e-08,1.3648640913754483e-10,2.0006212240485447e-08,Cycling
No Plating,67,2.1231576361727106e-08,1.3561572824535284e-10,2.0006307165624623e-08,Cycling
No Plating,68,2.1366337928704912e-08,1.347615669778061e-10,2.0006402087971124e-08,Cycling
No Plating,69,2.1500261367299904e-08,1.3392343859499186e-10,2.0006497007539043e-08,Cycling
No Plating,70,2.1633362204747258e-08,1.3310083744735403e-10,2.0006591924342998e-08,Cycling
No Plating,71,2.1765655602060934e-08,1.3229339731367638e-10,2.0006686838397325e-08,Cycling
No Plating,72,2.1897156368747308e-08,1.3150076668637333e-10,2.0006781749717843e-08,Cycling
No Plating,73,2.2027878253274628e-08,1.3072188452732063e-10,2.00068766585214e-08,Cycling
No Plating,74,2.215783543649492e-08,1.2995718322029197e-10,2.0006971564592364e-08,Cycling
No Plating,75,2.228704116211281e-08,1.292057256178912e-10,2.0007066467966466e-08,Cycling
No Plating,76,2.241550853725716e-08,1.2846737514434722e-10,2.0007161368641034e-08,Cycling
No Plating,77,2.2543250048560626e-08,1.277415113034676e-10,2.0007256266628188e-08,Cycling
No Plating,78,2.2670278135351206e-08,1.2702808679057985e-10,2.0007351161947986e-08,Cycling
No Plating,79,2.279660476106169e-08,1.2632662571048288e-10,2.0007446054596364e-08,Cycling
No Plating,80,2.2922241207744762e-08,1.2563644668307326e-10,2.0007540944595954e-08,Cycling
No Plating,81,2.3047199057077707e-08,1.249578493329451e-10,2.000763583194839e-08,Cycling
No Plating,82,2.317148903183555e-08,1.242899747578439e-10,2.0007730716669494e-08,Cycling
No Plating,83,2.329512206813155e-08,1.2363303629599752e-10,2.0007825598774178e-08,Cycling
No Plating,84,2.3418108469218877e-08,1.229864010873284e-10,2.0007920478263152e-08,Cycling
No Plating,85,2.354045851176183e-08,1.2235004254295283e-10,2.0008015355148717e-08,Cycling
No Plating,86,2.3662181779913645e-08,1.217232681518148e-10,2.000811022944121e-08,Cycling
No Plating,87,2.378328813762425e-08,1.2110635771060532e-10,2.000820510114778e-08,Cycling
No Plating,88,2.3903786898724746e-08,1.2049876110049557e-10,2.0008299970243997e-08,Cycling
No Plating,89,2.4023687072468347e-08,1.199001737436016e-10,2.000839483673861e-08,Cycling
No Plating,90,2.4142997780147032e-08,1.1931070767868525e-10,2.0008489700639386e-08,Cycling
No Plating,91,2.426172747785031e-08,1.1872969770327758e-10,2.000858456195467e-08,Cycling
No Plating,92,2.4379884926503928e-08,1.181574486536175e-10,2.0008679420691186e-08,Cycling
No Plating,93,2.4497478346876123e-08,1.1759342037219544e-10,2.0008774276856482e-08,Cycling
No Plating,94,2.4614515569747974e-08,1.170372228718506e-10,2.0008869130460387e-08,Cycling
No Plating,95,2.473100464878173e-08,1.1648907903375535e-10,2.000896398150751e-08,Cycling
No Plating,96,2.484695349777316e-08,1.1594884899143217e-10,2.0009058830002896e-08,Cycling
No Plating,97,2.4962369400952013e-08,1.1541590317885172e-10,2.0009153675956978e-08,Cycling
No Plating,98,2.5077259763595136e-08,1.1489036264312346e-10,2.0009248519379203e-08,Cycling
No Plating,99,2.5191631712605986e-08,1.1437194901084966e-10,2.0009343360272832e-08,Cycling
No Plating,100,2.5305492499989942e-08,1.1386078738395597e-10,2.0009438198687143e-08,Cycling
No Plating,101,2.6263667990922404e-08,9.581754909324617e-10,2.0009532999512915e-08,Post-Rest (96hr)
No Plating,102,2.6372955482601412e-08,1.0928749167900824e-10,2.0009627798671884e-08,Cycling
No Plating,103,2.6481797366523614e-08,1.0884188392220168e-10,2.0009722595422428e-08,Cycling
No Plating,104,2.6590198910926938e-08,1.0840154440332393e-10,2.000981738976056e-08,Cycling
No Plating,105,2.669816554655976e-08,1.0796663563282253e-10,2.0009912181696598e-08,Cycling
No Plating,106,2.6805702800206623e-08,1.075372536468629e-10,2.00100069712286e-08,Cycling
No Plating,107,2.691281552372945e-08,1.0711272352282634e-10,2.0010101758362366e-08,Cycling
No Plating,108,2.7019508675388853e-08,1.0669315165940324e-10,2.0010196543083676e-08,Cycling
No Plating,109,2.712578740581893e-08,1.0627873043007777e-10,2.0010291325413857e-08,Cycling
No Plating,110,2.7231656707774426e-08,1.0586930195549545e-10,2.001038610535045e-08,Cycling
No Plating,111,2.7337120984639885e-08,1.0546427686545967e-10,2.0010480882906056e-08,Cycling
No Plating,112,2.7442185190536747e-08,1.0506420589686196e-10,2.001057565808221e-08,Cycling
No Plating,113,2.7546853724717497e-08,1.0466853418074915e-10,2.0010670430874292e-08,Cycling
No Plating,114,2.7651131002306047e-08,1.0427727758854999e-10,2.0010765232092154e-08,Cycling
No Plating,115,2.7755021677688783e-08,1.0389067538273642e-10,2.001086003093193e-08,Cycling
No Plating,116,2.7858529749000034e-08,1.0350807131125133e-10,2.001095482738653e-08,Cycling
No Plating,117,2.7961659588521102e-08,1.0312983952106775e-10,2.001104961449934e-08,Cycling
No Plating,118,2.8064415651671983e-08,1.0275606315088149e-10,2.001114440693716e-08,Cycling
No Plating,119,2.8166801602272632e-08,1.0238595060064856e-10,2.0011239196999058e-08,Cycling
No Plating,120,2.8268821650132915e-08,1.0202004786028273e-10,2.0011333984686167e-08,Cycling
No Plating,121,2.8370479713908007e-08,1.0165806377509255e-10,2.0011428770001184e-08,Cycling
No Plating,122,2.8471779810659937e-08,1.0130009675192983e-10,2.0011523552944634e-08,Cycling
No Plating,123,2.8572725606725335e-08,1.009457960653976e-10,2.0011618333516e-08,Cycling
No Plating,124,2.8673320841158354e-08,1.0059523443301961e-10,2.0011713111720217e-08,Cycling
No Plating,125,2.877356903737347e-08,1.002481962151166e-10,2.0011807879670548e-08,Cycling
No Plating,126,2.8873474091537274e-08,9.990505416380344e-11,2.0011902645228455e-08,Cycling
No Plating,127,2.8973039386657663e-08,9.956529512038841e-11,2.001199740839621e-08,Cycling
No Plating,128,2.9072268393937696e-08,9.922900728003308e-11,2.0012092169177246e-08,Cycling
No Plating,129,2.9171164508750093e-08,9.88961148123974e-11,2.001218692757201e-08,Cycling
No Plating,130,2.926973123549223e-08,9.856672674213604e-11,2.001228168358284e-08,Cycling
No Plating,131,2.9367971856407464e-08,9.824062091523454e-11,2.0012376437205474e-08,Cycling
No Plating,132,2.9465889670339775e-08,9.791781393231114e-11,2.0012471188442684e-08,Cycling
No Plating,133,2.9563487647878056e-08,9.759797753828056e-11,2.0012565945367747e-08,Cycling
No Plating,134,2.9660769074814734e-08,9.72814269366779e-11,2.0012660699931534e-08,Cycling
No Plating,135,2.975773702565671e-08,9.69679508419769e-11,2.0012755447414952e-08,Cycling
No Plating,136,2.9854394709327245e-08,9.66576836705341e-11,2.001285019254051e-08,Cycling
No Plating,137,2.995074489618298e-08,9.635018685573491e-11,2.0012944935312945e-08,Cycling
No Plating,138,3.0046790612834786e-08,9.604571665180682e-11,2.0013039675728363e-08,Cycling
No Plating,139,3.014253491118873e-08,9.574429835394289e-11,2.0013134413786075e-08,Cycling
No Plating,140,3.023798039672551e-08,9.544548553678331e-11,2.0013229149493462e-08,Cycling
No Plating,141,3.0333130013107424e-08,9.514961638191158e-11,2.001332388684999e-08,Cycling
No Plating,142,3.042798650726289e-08,9.48564941554635e-11,2.0013418621841757e-08,Cycling
No Plating,143,3.052255248956292e-08,9.456598230003142e-11,2.00135133544697e-08,Cycling
No Plating,144,3.061683085874595e-08,9.427836918303237e-11,2.0013608084732564e-08,Cycling
No Plating,145,3.0710824158307056e-08,9.399329956110481e-11,2.001370280379342e-08,Cycling
No Plating,146,3.080453496602852e-08,9.371080772146087e-11,2.00137975204703e-08,Cycling
No Plating,147,3.089796594973913e-08,9.343098371061144e-11,2.0013892234754485e-08,Cycling
No Plating,148,3.099111947206348e-08,9.315352232435457e-11,2.0013986946646383e-08,Cycling
No Plating,149,3.1083998212584115e-08,9.28787405206324e-11,2.00140816561458e-08,Cycling
No Plating,150,3.11766044647463e-08,9.260625216218456e-11,2.0014176363251628e-08,Cycling
No Plating,151,3.195949077856355e-08,7.828863138172477e-10,2.001427101764678e-08,Post-Rest (96hr)
No Plating,152,3.2049609558297194e-08,9.011877973364582e-11,2.0014365668876617e-08,Cycling
No Plating,153,3.213947966625793e-08,8.987010796073602e-11,2.0014460317728746e-08,Cycling
No Plating,154,3.222910314525948e-08,8.962347900155055e-11,2.001455496420724e-08,Cycling
No Plating,155,3.231848210898691e-08,8.937896372742874e-11,2.0014649608301292e-08,Cycling
No Plating,156,3.2407618637263146e-08,8.913652827623668e-11,2.0014744250012973e-08,Cycling
No Plating,157,3.2496514604664575e-08,8.889596740142907e-11,2.0014838889337897e-08,Cycling
No Plating,158,3.258517193702782e-08,8.865733236324289e-11,2.0014933526274857e-08,Cycling
No Plating,159,3.2673592709659365e-08,8.842077263154722e-11,2.0015028160819128e-08,Cycling
No Plating,160,3.27617786259417e-08,8.818591628233425e-11,2.0015122792968e-08,Cycling
No Plating,161,3.284973176537909e-08,8.795313943738796e-11,2.0015217422719456e-08,Cycling
No Plating,162,3.2937453713151106e-08,8.77219477720192e-11,2.0015312050069803e-08,Cycling
No Plating,163,3.3024946488415876e-08,8.749277526476948e-11,2.001540667501589e-08,Cycling
No Plating,164,3.311221188416671e-08,8.726539575083402e-11,2.001550129755461e-08,Cycling
No Plating,165,3.3199251799578365e-08,8.703991541165582e-11,2.00155959176825e-08,Cycling
No Plating,166,3.328606779112318e-08,8.681599154481153e-11,2.0015690546744523e-08,Cycling
No Plating,167,3.337266167990094e-08,8.659388877776037e-11,2.0015785173400002e-08,Cycling
No Plating,168,3.345903525745089e-08,8.637357754995245e-11,2.001587979764299e-08,Cycling
No Plating,169,3.354519020134035e-08,8.61549438894585e-11,2.0015974419470423e-08,Cycling
No Plating,170,3.363112804183091e-08,8.593784049055875e-11,2.0016069038878052e-08,Cycling
No Plating,171,3.371685042536927e-08,8.572238353836045e-11,2.001616365586205e-08,Cycling
No Plating,172,3.380235906358079e-08,8.550863821151949e-11,2.0016258270418082e-08,Cycling
No Plating,173,3.388765558528355e-08,8.529652170276485e-11,2.0016352882541705e-08,Cycling
No Plating,174,3.397274150142088e-08,8.50859161373306e-11,2.0016447492228705e-08,Cycling
No Plating,175,3.405761850398541e-08,8.487700256452552e-11,2.0016542099468825e-08,Cycling
No Plating,176,3.414228801348043e-08,8.466950949502357e-11,2.0016636704268614e-08,Cycling
No Plating,177,3.422675154038042e-08,8.446352689998943e-11,2.001673130620172e-08,Cycling
No Plating,178,3.4311010739851336e-08,8.425919947091463e-11,2.0016825905678905e-08,Cycling
No Plating,179,3.4395066990320746e-08,8.405625046940996e-11,2.0016920502696244e-08,Cycling
No Plating,180,3.447892174310308e-08,8.385475278233629e-11,2.001701509723505e-08,Cycling
No Plating,181,3.4562576547085485e-08,8.365480398240326e-11,2.0017109689315596e-08,Cycling
No Plating,182,3.464603268685187e-08,8.345613976638663e-11,2.0017204278919018e-08,Cycling
No Plating,183,3.472929173935924e-08,8.325905250736857e-11,2.0017298866041835e-08,Cycling
No Plating,184,3.481235500130174e-08,8.306326194250211e-11,2.0017393450676005e-08,Cycling
No Plating,185,3.489522384150485e-08,8.286884020310794e-11,2.0017488020855218e-08,Cycling
No Plating,186,3.497789960150731e-08,8.267576000245642e-11,2.001758260040986e-08,Cycling
No Plating,187,3.506038394843341e-08,8.24843469261026e-11,2.001767717745774e-08,Cycling
No Plating,188,3.514267785111536e-08,8.229390268195088e-11,2.001777175197811e-08,Cycling
No Plating,189,3.5224782766449776e-08,8.21049153344155e-11,2.001786632399808e-08,Cycling
No Plating,190,3.530669998656485e-08,8.191722011507415e-11,2.001796089349396e-08,Cycling
No Plating,191,3.5388430765428764e-08,8.173077886391463e-11,2.001805545538622e-08,Cycling
No Plating,192,3.546997648181286e-08,8.154571638409488e-11,2.001815001473303e-08,Cycling
No Plating,193,3.555133823031377e-08,8.13617485009117e-11,2.00182445715348e-08,Cycling
No Plating,194,3.563251735865186e-08,8.117912833809114e-11,2.0018339125781028e-08,Cycling
No Plating,195,3.571351515577105e-08,8.099779711918982e-11,2.001843367746299e-08,Cycling
No Plating,196,3.5794332700592613e-08,8.081754482156128e-11,2.0018528226575775e-08,Cycling
No Plating,197,3.587497118026719e-08,8.063847967457566e-11,2.001862277311246e-08,Cycling
No Plating,198,3.5955431827296135e-08,8.046064702894607e-11,2.001871731706237e-08,Cycling
No Plating,199,3.603571593948918e-08,8.028411219304354e-11,2.0018811862883132e-08,Cycling
No Plating,200,3.611582448527281e-08,8.010854578363418e-11,2.0018906406104224e-08,Cycling
No Cracking,1,5.348424622531734e-09,0.0,0.0,Cycling
No Cracking,2,5.864165006519952e-09,5.15740383988218e-10,0.0,Cycling
No Cracking,3,6.338128480308444e-09,4.739634737884924e-10,0.0,Cycling
No Cracking,4,6.779081578315452e-09,4.4095309800700796e-10,0.0,Cycling
No Cracking,5,7.193094424915725e-09,4.140128466002732e-10,0.0,Cycling
No Cracking,6,7.584578822996785e-09,3.914843980810598e-10,0.0,Cycling
No Cracking,7,7.956859917172233e-09,3.7228109417544765e-10,0.0,Cycling
No Cracking,8,8.312517040568102e-09,3.556571233958688e-10,0.0,Cycling
No Cracking,9,8.653599739587699e-09,3.4108269901959685e-10,0.0,Cycling
No Cracking,10,8.981767419056317e-09,3.2816767946861806e-10,0.0,Cycling
No Cracking,11,9.298387006890091e-09,3.166195878337746e-10,0.0,Cycling
No Cracking,12,9.604599905206985e-09,3.0621289831689385e-10,0.0,Cycling
No Cracking,13,9.901371304111589e-09,2.967713989046036e-10,0.0,Cycling
No Cracking,14,1.0189525497409412e-08,2.8815419329782386e-10,0.0,Cycling
No Cracking,15,1.0469774031957883e-08,2.8024853454847015e-10,0.0,Cycling
No Cracking,16,1.0742734885088713e-08,2.7296085313083076e-10,0.0,Cycling
No Cracking,17,1.1008950308166776e-08,2.662154230780625e-10,0.0,Cycling
No Cracking,18,1.1268897531641394e-08,2.599472234746182e-10,0.0,Cycling
No Cracking,19,1.1523000864385221e-08,2.541033327438271e-10,0.0,Cycling
No Cracking,20,1.1771638689979875e-08,2.4863782559465374e-10,0.0,Cycling
No Cracking,21,1.2015149566653964e-08,2.4351087667408906e-10,0.0,Cycling
No Cracking,22,1.2253838778499149e-08,2.386892118451849e-10,0.0,Cycling
No Cracking,23,1.2487983201956807e-08,2.34144423457658e-10,0.0,Cycling
No Cracking,24,1.2717833375655934e-08,2.29850173699127e-10,0.0,Cycling
No Cracking,25,1.2943617848650468e-08,2.257844729945339e-10,0.0,Cycling
No Cracking,26,1.3165545579291023e-08,2.2192773064055533e-10,0.0,Cycling
No Cracking,27,1.3383808565366331e-08,2.182629860753079e-10,0.0,Cycling
No Cracking,28,1.3598582841199963e-08,2.14774275833632e-10,0.0,Cycling
No Cracking,29,1.381003101989617e-08,2.114481786962065e-10,0.0,Cycling
No Cracking,30,1.40183037042314e-08,2.0827268433523094e-10,0.0,Cycling
No Cracking,31,1.422353986542238e-08,2.052361611909803e-10,0.0,Cycling
No Cracking,32,1.4425869175555237e-08,2.0232931013285647e-10,0.0,Cycling
No Cracking,33,1.4625412308147826e-08,1.9954313259258877e-10,0.0,Cycling
No Cracking,34,1.4822281454739664e-08,1.9686914659183772e-10,0.0,Cycling
No Cracking,35,1.5016582100719113e-08,1.943006459794496e-10,0.0,Cycling
No Cracking,36,1.520841201465856e-08,1.9182991393944556e-10,0.0,Cycling
No Cracking,37,1.5397863768383416e-08,1.894517537248573e-10,0.0,Cycling
No Cracking,38,1.558502405627112e-08,1.8716028788770358e-10,0.0,Cycling
No Cracking,39,1.5769974277975292e-08,1.849502217041724e-10,0.0,Cycling
No Cracking,40,1.5952791118532904e-08,1.8281684055761194e-10,0.0,Cycling
No Cracking,41,1.6133547278312245e-08,1.8075615977934043e-10,0.0,Cycling
No Cracking,42,1.6312310858119123e-08,1.787635798068787e-10,0.0,Cycling
No Cracking,43,1.648914681356274e-08,1.7683595544361805e-10,0.0,Cycling
No Cracking,44,1.6664116328161376e-08,1.7496951459863447e-10,0.0,Cycling
No Cracking,45,1.6837277474330628e-08,1.7316114616925235e-10,0.0,Cycling
No Cracking,46,1.7008685634674104e-08,1.7140816034347559e-10,0.0,Cycling
No Cracking,47,1.7178392948994766e-08,1.6970731432066216e-10,0.0,Cycling
No Cracking,48,1.734644957099865e-08,1.680566220038845e-10,0.0,Cycling
No Cracking,49,1.751290280424978e-08,1.664532332511305e-10,0.0,Cycling
No Cracking,50,1.7677797543508146e-08,1.6489473925836543e-10,0.0,Cycling
No Cracking,51,1.902548778104529e-08,1.3476902375371423e-09,0.0,Post-Rest (96hr)
No Cracking,52,1.917747124334258e-08,1.5198346229729297e-10,0.0,Cycling
No Cracking,53,1.932826740904183e-08,1.5079616569924898e-10,0.0,Cycling
No Cracking,54,1.9477903974806633e-08,1.4963656576480232e-10,0.0,Cycling
No Cracking,55,1.9626407284951473e-08,1.4850331014483986e-10,0.0,Cycling
No Cracking,56,1.9773802851265616e-08,1.473955663141432e-10,0.0,Cycling
No Cracking,57,1.9920115396530414e-08,1.4631254526479763e-10,0.0,Cycling
No Cracking,58,2.006536836341137e-08,1.4525296688095574e-10,0.0,Cycling
No Cracking,59,2.0209584621413847e-08,1.4421625800247755e-10,0.0,Cycling
No Cracking,60,2.0352786218489874e-08,1.4320159707602714e-10,0.0,Cycling
No Cracking,61,2.0494994330203172e-08,1.4220811171329839e-10,0.0,Cycling
No Cracking,62,2.0636229374613937e-08,1.4123504441076448e-10,0.0,Cycling
No Cracking,63,2.0776511332532626e-08,1.4028195791868898e-10,0.0,Cycling
No Cracking,64,2.091585933936364e-08,1.3934800683101355e-10,0.0,Cycling
No Cracking,65,2.105429181505729e-08,1.3843247569364995e-10,0.0,Cycling
No Cracking,66,2.119182671856064e-08,1.3753490350335138e-10,0.0,Cycling
No Cracking,67,2.1328481594195358e-08,1.3665487563471744e-10,0.0,Cycling
No Cracking,68,2.1464272776038355e-08,1.3579118184299675e-10,0.0,Cycling
No Cracking,69,2.15992167484896e-08,1.3494397245124558e-10,0.0,Cycling
No Cracking,70,2.173332940889884e-08,1.3411266040924091e-10,0.0,Cycling
No Cracking,71,2.1866625767614565e-08,1.332963587157238e-10,0.0,Cycling
No Cracking,72,2.1999120687274625e-08,1.324949196600596e-10,0.0,Cycling
No Cracking,73,2.2130828682756492e-08,1.3170799548186705e-10,0.0,Cycling
No Cracking,74,2.226176372165008e-08,1.3093503889358782e-10,0.0,Cycling
No Cracking,75,2.2391939191273787e-08,1.3017546962370762e-10,0.0,Cycling
No Cracking,76,2.2521368281308557e-08,1.2942909003477004e-10,0.0,Cycling
No Cracking,77,2.265006368940215e-08,1.2869540809359126e-10,0.0,Cycling
No Cracking,78,2.2778037865954977e-08,1.2797417655282895e-10,0.0,Cycling
No Cracking,79,2.2905302923233867e-08,1.2726505727888932e-10,0.0,Cycling
No Cracking,80,2.3031870687949256e-08,1.2656776471538967e-10,0.0,Cycling
No Cracking,81,2.315775228207174e-08,1.2588159412248395e-10,0.0,Cycling
No Cracking,82,2.3282959238395535e-08,1.2520695632379422e-10,0.0,Cycling
No Cracking,83,2.3407502034262622e-08,1.2454279586708733e-10,0.0,Cycling
No Cracking,84,2.353139120060359e-08,1.238891663409681e-10,0.0,Cycling
No Cracking,85,2.3654636969560232e-08,1.232457689566423e-10,0.0,Cycling
No Cracking,86,2.3777249498237712e-08,1.226125286774794e-10,0.0,Cycling
No Cracking,87,2.3899238399665952e-08,1.2198890142824062e-10,0.0,Cycling
No Cracking,88,2.402061310086031e-08,1.2137470119435638e-10,0.0,Cycling
No Cracking,89,2.4141382889406823e-08,1.207697885465141e-10,0.0,Cycling
No Cracking,90,2.426155676238956e-08,1.2017387298273727e-10,0.0,Cycling
No Cracking,91,2.438114363009637e-08,1.1958686770680875e-10,0.0,Cycling
No Cracking,92,2.4500152098940645e-08,1.1900846884427565e-10,0.0,Cycling
No Cracking,93,2.4618590358781953e-08,1.1843825984130825e-10,0.0,Cycling
No Cracking,94,2.4736466663847425e-08,1.1787630506547216e-10,0.0,Cycling
No Cracking,95,2.485378899392767e-08,1.1732233008024645e-10,0.0,Cycling
No Cracking,96,2.497056522892966e-08,1.1677623500198726e-10,0.0,Cycling
No Cracking,97,2.5086802886662824e-08,1.1623765773316563e-10,0.0,Cycling
No Cracking,98,2.5202509338497808e-08,1.1570645183498347e-10,0.0,Cycling
No Cracking,99,2.5317691749957528e-08,1.1518241145972045e-10,0.0,Cycling
No Cracking,100,2.5432357463903773e-08,1.146657139462443e-10,0.0,Cycling
No Cracking,101,2.6387223092576438e-08,9.548656286726653e-10,0.0,Post-Rest (96hr)
No Cracking,102,2.649731166668676e-08,1.1008857411032294e-10,0.0,Cycling
No Cracking,103,2.6606949234455707e-08,1.0963756776894642e-10,0.0,Cycling
No Cracking,104,2.671614149522961e-08,1.0919226077390217e-10,0.0,Cycling
No Cracking,105,2.682489351954657e-08,1.0875202431696087e-10,0.0,Cycling
No Cracking,106,2.6933211038733323e-08,1.0831751918675243e-10,0.0,Cycling
No Cracking,107,2.7041099091111134e-08,1.0788805237781166e-10,0.0,Cycling
No Cracking,108,2.714856265363658e-08,1.0746356252544703e-10,0.0,Cycling
No Cracking,109,2.7255606817022814e-08,1.0704416338623299e-10,0.0,Cycling
No Cracking,110,2.736223661583534e-08,1.06629798812526e-10,0.0,Cycling
No Cracking,111,2.7468456579479318e-08,1.0621996364397782e-10,0.0,Cycling
No Cracking,112,2.7574271614289072e-08,1.0581503480975369e-10,0.0,Cycling
No Cracking,113,2.7679686354148958e-08,1.0541473985988633e-10,0.0,Cycling
No Cracking,114,2.7784705235957146e-08,1.0501888180818837e-10,0.0,Cycling
No Cracking,115,2.788933283478899e-08,1.0462759883184266e-10,0.0,Cycling
No Cracking,116,2.7993573509089415e-08,1.042406743004259e-10,0.0,Cycling
No Cracking,117,2.8097431547635495e-08,1.038580385460804e-10,0.0,Cycling
No Cracking,118,2.820091117288634e-08,1.0347962525084461e-10,0.0,Cycling
No Cracking,119,2.8304016591009114e-08,1.0310541812277433e-10,0.0,Cycling
No Cracking,120,2.8406751742819798e-08,1.0273515181068358e-10,0.0,Cycling
No Cracking,121,2.850912072099189e-08,1.0236897817209167e-10,0.0,Cycling
No Cracking,122,2.8611127383553063e-08,1.0200666256117385e-10,0.0,Cycling
No Cracking,123,2.8712775509525537e-08,1.0164812597247383e-10,0.0,Cycling
No Cracking,124,2.881406895621597e-08,1.0129344669043427e-10,0.0,Cycling
No Cracking,125,2.8915011491133444e-08,1.0094253491747269e-10,0.0,Cycling
No Cracking,126,2.901560661185863e-08,1.0059512072518595e-10,0.0,Cycling
No Cracking,127,2.9115858077807214e-08,1.00251465948584e-10,0.0,Cycling
No Cracking,128,2.921576933846305e-08,9.99112606558365e-11,0.0,Cycling
No Cracking,129,2.9315343877716377e-08,9.957453925332583e-11,0.0,Cycling
No Cracking,130,2.9414585048354443e-08,9.924117063806665e-11,0.0,Cycling
No Cracking,131,2.9513496312854107e-08,9.891126449966427e-11,0.0,Cycling
No Cracking,132,2.9612080989692112e-08,9.858467683800455e-11,0.0,Cycling
No Cracking,133,2.9710342185642943e-08,9.826119595083096e-11,0.0,Cycling
No Cracking,134,2.9808283093784374e-08,9.794090814143052e-11,0.0,Cycling
No Cracking,135,2.990590693396657e-08,9.762384018219859e-11,0.0,Cycling
No Cracking,136,3.000321675522729e-08,9.730982126071918e-11,0.0,Cycling
No Cracking,137,3.010021549486792e-08,9.699873964062781e-11,0.0,Cycling
No Cracking,138,3.019690640203939e-08,9.66909071714705e-11,0.0,Cycling
No Cracking,139,3.029329209499572e-08,9.638569295632732e-11,0.0,Cycling
No Cracking,140,3.038937568937696e-08,9.608359438124319e-11,0.0,Cycling
No Cracking,141,3.0485160046271904e-08,9.578435689494373e-11,0.0,Cycling
No Cracking,142,3.0580647941230155e-08,9.548789495825166e-11,0.0,Cycling
No Cracking,143,3.0675841930060396e-08,9.519398883024021e-11,0.0,Cycling
No Cracking,144,3.0770744877661615e-08,9.49029476012191e-11,0.0,Cycling
No Cracking,145,3.086535951626667e-08,9.461463860505661e-11,0.0,Cycling
No Cracking,146,3.095968828562122e-08,9.432876935454613e-11,0.0,Cycling
No Cracking,147,3.1053734060659546e-08,9.404577503832824e-11,0.0,Cycling
No Cracking,148,3.114749922643233e-08,9.376516577278692e-11,0.0,Cycling
No Cracking,149,3.124098639592015e-08,9.34871694878179e-11,0.0,Cycling
No Cracking,150,3.1334197931037315e-08,9.32115351171646e-11,0.0,Cycling
No Cracking,151,3.2114247461134366e-08,7.800495300970512e-10,0.0,Post-Rest (96hr)
No Cracking,152,3.2204966741007536e-08,9.07192798731692e-11,0.0,Cycling
No Cracking,153,3.2295434315618596e-08,9.046757461106056e-11,0.0,Cycling
No Cracking,154,3.2385652350336603e-08,9.021803471800726e-11,0.0,Cycling
No Cracking,155,3.2475622959519185e-08,8.997060918258165e-11,0.0,Cycling
No Cracking,156,3.2565348106590605e-08,8.972514707142036e-11,0.0,Cycling
No Cracking,157,3.2654829675013233e-08,8.948156842262794e-11,0.0,Cycling
No Cracking,158,3.274406981923139e-08,8.924014421815769e-11,0.0,Cycling
No Cracking,159,3.283307054456082e-08,8.900072532942864e-11,0.0,Cycling
No Cracking,160,3.2921833685236835e-08,8.876314067601495e-11,0.0,Cycling
No Cracking,161,3.3010361169070895e-08,8.852748383406015e-11,0.0,Cycling
No Cracking,162,3.3098654828778077e-08,8.829365970718187e-11,0.0,Cycling
No Cracking,163,3.318671658518807e-08,8.806175640999415e-11,0.0,Cycling
No Cracking,164,3.327454829453776e-08,8.78317093496901e-11,0.0,Cycling
No Cracking,165,3.336215166107157e-08,8.76033665338108e-11,0.0,Cycling
No Cracking,166,3.344952865305403e-08,8.737699198245972e-11,0.0,Cycling
No Cracking,167,3.3536680927439345e-08,8.715227438531336e-11,0.0,Cycling
No Cracking,168,3.3623610092541816e-08,8.692916510247086e-11,0.0,Cycling
No Cracking,169,3.371031805467709e-08,8.670796213527702e-11,0.0,Cycling
No Cracking,170,3.3796806357554596e-08,8.648830287750333e-11,0.0,Cycling
No Cracking,171,3.3883076851343906e-08,8.62704937893097e-11,0.0,Cycling
No Cracking,172,3.3969131092420814e-08,8.605424107690809e-11,0.0,Cycling
No Cracking,173,3.405497073471285e-08,8.583964229203748e-11,0.0,Cycling
No Cracking,174,3.414059729185236e-08,8.562655713950586e-11,0.0,Cycling
No Cracking,175,3.422601251706192e-08,8.541522520956376e-11,0.0,Cycling
No Cracking,176,3.431121789629423e-08,8.520537923230696e-11,0.0,Cycling
No Cracking,177,3.439621500292012e-08,8.499710662588992e-11,0.0,Cycling
No Cracking,178,3.448100529950309e-08,8.479029658297124e-11,0.0,Cycling
No Cracking,179,3.456559037044331e-08,8.458507094022081e-11,0.0,Cycling
No Cracking,180,3.464997173776588e-08,8.438136732256915e-11,0.0,Cycling
No Cracking,181,3.473415073996303e-08,8.417900219715394e-11,0.0,Cycling
No Cracking,182,3.481812894838964e-08,8.397820842660698e-11,0.0,Cycling
No Cracking,183,3.490190784507756e-08,8.377889668792246e-11,0.0,Cycling
No Cracking,184,3.4985488758423046e-08,8.358091334548355e-11,0.0,Cycling
No Cracking,185,3.5068873070525416e-08,8.338431210237025e-11,0.0,Cycling
No Cracking,186,3.515206235195432e-08,8.31892814289058e-11,0.0,Cycling
No Cracking,187,3.523505781070506e-08,8.299545875073793e-11,0.0,Cycling
No Cracking,188,3.531786099791687e-08,8.28031872118125e-11,0.0,Cycling
No Cracking,189,3.540047296520948e-08,8.261196729260712e-11,0.0,Cycling
No Cracking,190,3.548289523046113e-08,8.24222652516522e-11,0.0,Cycling
No Cracking,191,3.556512907875678e-08,8.22338482956469e-11,0.0,Cycling
No Cracking,192,3.564717581344253e-08,8.204673468575468e-11,0.0,Cycling
No Cracking,193,3.572903663264241e-08,8.186081919987677e-11,0.0,Cycling
No Cracking,194,3.5810712847810976e-08,8.167621516856645e-11,0.0,Cycling
No Cracking,195,3.5892205656817297e-08,8.149280900632013e-11,0.0,Cycling
No Cracking,196,3.597351652140985e-08,8.131086459255443e-11,0.0,Cycling
No Cracking,197,3.605464657459136e-08,8.113005318150716e-11,0.0,Cycling
No Cracking,198,3.613559693150809e-08,8.095035691673117e-11,0.0,Cycling
No Cracking,199,3.621636885804703e-08,8.077192653894276e-11,0.0,Cycling
No Cracking,200,3.6296963517580696e-08,8.059465953366339e-11,0.0,Cycling
Only SEI,1,5.347350598614877e-09,0.0,0.0,Cycling
Only SEI,2,5.861917870380396e-09,5.145672717655193e-10,0.0,Cycling
Only SEI,3,6.334851297589201e-09,4.729334272088049e-10,0.0,Cycling
Only SEI,4,6.774876321649807e-09,4.4002502406060597e-10,0.0,Cycling
Only SEI,5,7.188039592688284e-09,4.13163271038477e-10,0.0,Cycling
Only SEI,6,7.578732855740383e-09,3.9069326305209925e-10,0.0,Cycling
Only SEI,7,7.950266845120258e-09,3.7153398937987474e-10,0.0,Cycling
Only SEI,8,8.305215606217423e-09,3.549487610971655e-10,0.0,Cycling
Only SEI,9,8.645621506107581e-09,3.4040589989015745e-10,0.0,Cycling
Only SEI,10,8.973134367427097e-09,3.275128613195158e-10,0.0,Cycling
Only SEI,11,9.289123230356686e-09,3.159888629295889e-10,0.0,Cycling
Only SEI,12,9.59472620315441e-09,3.0560297279772424e-10,0.0,Cycling
Only SEI,13,9.890906348788873e-09,2.961801456344635e-10,0.0,Cycling
Only SEI,14,1.0178487351474045e-08,2.8758100268517164e-10,0.0,Cycling
Only SEI,15,1.0458176882388046e-08,2.7968953091400115e-10,0.0,Cycling
Only SEI,16,1.0730592025030347e-08,2.724151426423011e-10,0.0,Cycling
Only SEI,17,1.0996273457549515e-08,2.6568143251916803e-10,0.0,Cycling
Only SEI,18,1.1255696646999295e-08,2.594231894497796e-10,0.0,Cycling
Only SEI,19,1.1509285705050028e-08,2.5358905805073286e-10,0.0,Cycling
Only SEI,20,1.1757418344317465e-08,2.481326392674375e-10,0.0,Cycling
Only SEI,21,1.2000432617236231e-08,2.430142729187657e-10,0.0,Cycling
Only SEI,22,1.2238633332791079e-08,2.382007155548482e-10,0.0,Cycling
Only SEI,23,1.2472296360603877e-08,2.336630278127974e-10,0.0,Cycling
Only SEI,24,1.2701671767326483e-08,2.293754067226065e-10,0.0,Cycling
Only SEI,25,1.2926988280693651e-08,2.253165133671679e-10,0.0,Cycling
Only SEI,26,1.3148453590674297e-08,2.2146530998064569e-10,0.0,Cycling
Only SEI,27,1.3366259465736206e-08,2.1780587506190912e-10,0.0,Cycling
Only SEI,28,1.3580572667129942e-08,2.143132013937365e-10,0.0,Cycling
Only SEI,29,1.3791565373149506e-08,2.1099270601956407e-10,0.0,Cycling
Only SEI,30,1.3999387448239222e-08,2.0782207508971606e-10,0.0,Cycling
Only SEI,31,1.4204178447878056e-08,2.0479099963883349e-10,0.0,Cycling
Only SEI,32,1.4406067129219576e-08,2.018886813415202e-10,0.0,Cycling
Only SEI,33,1.4605174799907849e-08,1.991076706882729e-10,0.0,Cycling
Only SEI,34,1.4801612955784677e-08,1.9643815587682752e-10,0.0,Cycling
Only SEI,35,1.4995484420597663e-08,1.9387146481298613e-10,0.0,Cycling
Only SEI,36,1.518688953259178e-08,1.9140511199411883e-10,0.0,Cycling
Only SEI,37,1.5375920075387798e-08,1.890305427960161e-10,0.0,Cycling
Only SEI,38,1.5562656903020778e-08,1.8673682763297993e-10,0.0,Cycling
Only SEI,39,1.574717602574645e-08,1.8451912272567087e-10,0.0,Cycling
Only SEI,40,1.592956550580488e-08,1.8238948005843037e-10,0.0,Cycling
Only SEI,41,1.6109897764942806e-08,1.8033225913792692e-10,0.0,Cycling
Only SEI,42,1.628824101691147e-08,1.7834325196866445e-10,0.0,Cycling
Only SEI,43,1.6464661141392795e-08,1.764201244813244e-10,0.0,Cycling
Only SEI,44,1.6639217973245092e-08,1.745568318522977e-10,0.0,Cycling
Only SEI,45,1.681196978809195e-08,1.727518148468576e-10,0.0,Cycling
Only SEI,46,1.69829713341258e-08,1.710015460338493e-10,0.0,Cycling
Only SEI,47,1.71522749124633e-08,1.693035783375002e-10,0.0,Cycling
Only SEI,48,1.731993068777209e-08,1.6765577530878912e-10,0.0,Cycling
Only SEI,49,1.748598580278345e-08,1.6605511501136174e-10,0.0,Cycling
Only SEI,50,1.7650485300335233e-08,1.6449949755178304e-10,0.0,Cycling
Only SEI,51,1.8999485043302742e-08,1.348999742967509e-09,0.0,Post-Rest (96hr)
Only SEI,52,1.9151046188866194e-08,1.5156114556345173e-10,0.0,Cycling
Only SEI,53,1.9301423029093105e-08,1.5037684022691057e-10,0.0,Cycling
Only SEI,54,1.9450643190745346e-08,1.492201616522419e-10,0.0,Cycling
Only SEI,55,1.9598731962088625e-08,1.480887713432782e-10,0.0,Cycling
Only SEI,56,1.97457155010662e-08,1.469835389775753e-10,0.0,Cycling
Only SEI,57,1.9891618383611416e-08,1.4590288254521581e-10,0.0,Cycling
Only SEI,58,2.0036464316626237e-08,1.4484593301482087e-10,0.0,Cycling
Only SEI,59,2.0180276018481062e-08,1.4381170185482583e-10,0.0,Cycling
Only SEI,60,2.0323075207849177e-08,1.4279918936811412e-10,0.0,Cycling
Only SEI,61,2.0464883289329975e-08,1.4180808148079813e-10,0.0,Cycling
Only SEI,62,2.060572044130168e-08,1.4083715197170537e-10,0.0,Cycling
Only SEI,63,2.0745606641908212e-08,1.398862006065319e-10,0.0,Cycling
Only SEI,64,2.088456094210455e-08,1.389543001963387e-10,0.0,Cycling
Only SEI,65,2.1022601660649403e-08,1.3804071854485238e-10,0.0,Cycling
Only SEI,66,2.115974671620257e-08,1.3714505555316843e-10,0.0,Cycling
Only SEI,67,2.1296013547589226e-08,1.362668313866547e-10,0.0,Cycling
Only SEI,68,2.1431418905719512e-08,1.3540535813028567e-10,0.0,Cycling
Only SEI,69,2.1565978702487882e-08,1.345597967683703e-10,0.0,Cycling
Only SEI,70,2.1699708731850607e-08,1.3373002936272438e-10,0.0,Cycling
Only SEI,71,2.1832624522485256e-08,1.3291579063464942e-10,0.0,Cycling
Only SEI,72,2.1964740549363502e-08,1.3211602687824606e-10,0.0,Cycling
Only SEI,73,2.2096071128826572e-08,1.3133057946306993e-10,0.0,Cycling
Only SEI,74,2.2226630251092705e-08,1.3055912226613348e-10,0.0,Cycling
Only SEI,75,2.2356428993201065e-08,1.2979874210835918e-10,0.0,Cycling
Only SEI,76,2.2485482818946834e-08,1.2905382574576956e-10,0.0,Cycling
Only SEI,77,2.261380452601491e-08,1.2832170706807424e-10,0.0,Cycling
Only SEI,78,2.2741406637516213e-08,1.2760211150130463e-10,0.0,Cycling
Only SEI,79,2.2868301199984677e-08,1.2689456246846433e-10,0.0,Cycling
Only SEI,80,2.2994499754683894e-08,1.2619855469921657e-10,0.0,Cycling
Only SEI,81,2.3120013744533542e-08,1.2551398984964804e-10,0.0,Cycling
Only SEI,82,2.3244854146939537e-08,1.248404024059953e-10,0.0,Cycling
Only SEI,83,2.3369023884136074e-08,1.241697371965365e-10,0.0,Cycling
Only SEI,84,2.3492541424335435e-08,1.235175401993615e-10,0.0,Cycling
Only SEI,85,2.361541716353554e-08,1.228757392001047e-10,0.0,Cycling
Only SEI,86,2.3737660954740983e-08,1.2224379120544318e-10,0.0,Cycling
Only SEI,87,2.3859282504417592e-08,1.216215496766091e-10,0.0,Cycling
Only SEI,88,2.3980291331716608e-08,1.2100882729901597e-10,0.0,Cycling
Only SEI,89,2.4100696615383043e-08,1.204052836664343e-10,0.0,Cycling
Only SEI,90,2.422050608501776e-08,1.1980946963471677e-10,0.0,Cycling
Only SEI,91,2.4339729674802828e-08,1.1922358978506828e-10,0.0,Cycling
Only SEI,92,2.445837628467632e-08,1.186466098734916e-10,0.0,Cycling
Only SEI,93,2.457645387513432e-08,1.1807759045800152e-10,0.0,Cycling
Only SEI,94,2.4693970929750148e-08,1.1751705461582717e-10,0.0,Cycling
Only SEI,95,2.4810935109151973e-08,1.1696417940182515e-10,0.0,Cycling
Only SEI,96,2.4927354285396657e-08,1.1641917624468353e-10,0.0,Cycling
Only SEI,97,2.5043236179871434e-08,1.158818944747772e-10,0.0,Cycling
Only SEI,98,2.515858766233974e-08,1.1535148246830653e-10,0.0,Cycling
Only SEI,99,2.5273416380442705e-08,1.1482871810296486e-10,0.0,Cycling
Only SEI,100,2.538772947511706e-08,1.1431309467435556e-10,0.0,Cycling
Only SEI,101,2.634366511070462e-08,9.55935635587558e-10,0.0,Post-Rest (96hr)
Only SEI,102,2.645338631359317e-08,1.0972120288855056e-10,0.0,Cycling
Only SEI,103,2.6562657793438646e-08,1.0927147984547641e-10,0.0,Cycling
Only SEI,104,2.6671485053201994e-08,1.088272597633483e-10,0.0,Cycling
Only SEI,105,2.6779873391681906e-08,1.0838833847991244e-10,0.0,Cycling
Only SEI,106,2.6887828208388585e-08,1.079548167066782e-10,0.0,Cycling
Only SEI,107,2.6995354699489153e-08,1.0752649110056858e-10,0.0,Cycling
Only SEI,108,2.7102457916412768e-08,1.0710321692361443e-10,0.0,Cycling
Only SEI,109,2.720914288752392e-08,1.0668497111115161e-10,0.0,Cycling
Only SEI,110,2.7315414498679133e-08,1.0627161115521379e-10,0.0,Cycling
Only SEI,111,2.7421277405490733e-08,1.0586290681159947e-10,0.0,Cycling
Only SEI,112,2.7526736360939053e-08,1.054589554483209e-10,0.0,Cycling
Only SEI,113,2.7631796196425233e-08,1.0505983548617979e-10,0.0,Cycling
Only SEI,114,2.7736461299676262e-08,1.0466510325102898e-10,0.0,Cycling
Only SEI,115,2.7840736174855178e-08,1.0427487517891585e-10,0.0,Cycling
Only SEI,116,2.794462498081204e-08,1.0388880595686153e-10,0.0,Cycling
Only SEI,117,2.8048132257569355e-08,1.0350727675731559e-10,0.0,Cycling
Only SEI,118,2.8151261969226683e-08,1.0312971165732831e-10,0.0,Cycling
Only SEI,119,2.8254018365640196e-08,1.0275639641351305e-10,0.0,Cycling
Only SEI,120,2.8356405599883946e-08,1.0238723424374959e-10,0.0,Cycling
Only SEI,121,2.8458427507376007e-08,1.0202190749206123e-10,0.0,Cycling
Only SEI,122,2.856008807583595e-08,1.0166056845994158e-10,0.0,Cycling
Only SEI,123,2.8661390982383455e-08,1.013029065475061e-10,0.0,Cycling
Only SEI,124,2.876234016392942e-08,1.0094918154596356e-10,0.0,Cycling
Only SEI,125,2.8862939251104468e-08,1.005990871750493e-10,0.0,Cycling
Only SEI,126,2.8963191878962007e-08,1.0025262785753921e-10,0.0,Cycling
Only SEI,127,2.9063101681300002e-08,9.990980233799483e-11,0.0,Cycling
Only SEI,128,2.9162672161124866e-08,9.957047982486432e-11,0.0,Cycling
Only SEI,129,2.9261906764329276e-08,9.923460320441011e-11,0.0,Cycling
Only SEI,130,2.9360808874323024e-08,9.890210999374799e-11,0.0,Cycling
Only SEI,131,2.945938186012229e-08,9.857298579926695e-11,0.0,Cycling
Only SEI,132,2.955762893493568e-08,9.824707481338893e-11,0.0,Cycling
Only SEI,133,2.9655553154624366e-08,9.792421968868622e-11,0.0,Cycling
Only SEI,134,2.9753158043462335e-08,9.760488883796863e-11,0.0,Cycling
Only SEI,135,2.985044650418602e-08,9.72884607236862e-11,0.0,Cycling
Only SEI,136,2.9947421762923405e-08,9.697525873738344e-11,0.0,Cycling
Only SEI,137,3.0044086772789783e-08,9.666500986637863e-11,0.0,Cycling
Only SEI,138,3.014044456195753e-08,9.635778916774685e-11,0.0,Cycling
Only SEI,139,3.023649813266235e-08,9.60535707048231e-11,0.0,Cycling
Only SEI,140,3.03322502373355e-08,9.575210467314534e-11,0.0,Cycling
Only SEI,141,3.042770377598168e-08,9.545353864618179e-11,0.0,Cycling
Only SEI,142,3.0522861518974936e-08,9.51577429932558e-11,0.0,Cycling
Only SEI,143,3.061772621397303e-08,9.486469499809516e-11,0.0,Cycling
Only SEI,144,3.071230049252084e-08,9.45742785478088e-11,0.0,Cycling
Only SEI,145,3.080658726261079e-08,9.428677008994925e-11,0.0,Cycling
Only SEI,146,3.090058887892588e-08,9.400161631509325e-11,0.0,Cycling
Only SEI,147,3.099430819022248e-08,9.37193112965994e-11,0.0,Cycling
Only SEI,148,3.108774742190917e-08,9.343923168668922e-11,0.0,Cycling
Only SEI,149,3.1180909425884997e-08,9.316200397582535e-11,0.0,Cycling
Only SEI,150,3.127379648258029e-08,9.288705669529662e-11,0.0,Cycling
Only SEI,151,3.205483603397877e-08,7.810395513984786e-10,0.0,Post-Rest (96hr)
Only SEI,152,3.2145221620973355e-08,9.038558699458331e-11,0.0,Cycling
Only SEI,153,3.2235356258736284e-08,9.013463776292846e-11,0.0,Cycling
Only SEI,154,3.2325242276583525e-08,8.988601784724182e-11,0.0,Cycling
Only SEI,155,3.241488152482034e-08,8.96392482368127e-11,0.0,Cycling
Only SEI,156,3.2504275973174526e-08,8.93944483541877e-11,0.0,Cycling
Only SEI,157,3.2593427624075366e-08,8.915165090084059e-11,0.0,Cycling
Only SEI,158,3.268233853058708e-08,8.891090651171274e-11,0.0,Cycling
Only SEI,159,3.277101063625512e-08,8.867210566803813e-11,0.0,Cycling
Only SEI,160,3.285944578948633e-08,8.843515323121507e-11,0.0,Cycling
Only SEI,161,3.294764590496378e-08,8.820011547744902e-11,0.0,Cycling
Only SEI,162,3.303561297289209e-08,8.796706792831006e-11,0.0,Cycling
Only SEI,163,3.3123348713691965e-08,8.773574079987372e-11,0.0,Cycling
Only SEI,164,3.3210854977004275e-08,8.750626331231006e-11,0.0,Cycling
Only SEI,165,3.329813366018025e-08,8.727868317597407e-11,0.0,Cycling
Only SEI,166,3.3385186582774315e-08,8.705292259406591e-11,0.0,Cycling
Only SEI,167,3.347201543856789e-08,8.682885579357492e-11,0.0,Cycling
Only SEI,168,3.3558621844310416e-08,8.660640574252569e-11,0.0,Cycling
Only SEI,169,3.364500762813181e-08,8.638578382139159e-11,0.0,Cycling
Only SEI,170,3.3731174579676416e-08,8.616695154460861e-11,0.0,Cycling
Only SEI,171,3.38171242111602e-08,8.594963148378656e-11,0.0,Cycling
Only SEI,172,3.390285815113772e-08,8.573393997751769e-11,0.0,Cycling
Only SEI,173,3.39883781613326e-08,8.552001019487938e-11,0.0,Cycling
Only SEI,174,3.4073685637892294e-08,8.530747655969414e-11,0.0,Cycling
Only SEI,175,3.415878233939264e-08,8.509670150034664e-11,0.0,Cycling
Only SEI,176,3.424366988301757e-08,8.48875436249291e-11,0.0,Cycling
Only SEI,177,3.432834975109646e-08,8.467986807888771e-11,0.0,Cycling
Only SEI,178,3.441282344870236e-08,8.447369760590414e-11,0.0,Cycling
Only SEI,179,3.4497092526805806e-08,8.426907810344463e-11,0.0,Cycling
Only SEI,180,3.458115849549491e-08,8.406596868910664e-11,0.0,Cycling
Only SEI,181,3.466502269256278e-08,8.386419706786543e-11,0.0,Cycling
Only SEI,182,3.474868665968122e-08,8.366396711844044e-11,0.0,Cycling
Only SEI,183,3.483215185818695e-08,8.346519850573218e-11,0.0,Cycling
Only SEI,184,3.491541970546232e-08,8.326784727536798e-11,0.0,Cycling
Only SEI,185,3.499849150352439e-08,8.307179806206922e-11,0.0,Cycling
Only SEI,186,3.5081368768094565e-08,8.287726457017725e-11,0.0,Cycling
Only SEI,187,3.516405283482326e-08,8.26840667286931e-11,0.0,Cycling
Only SEI,188,3.524654489736225e-08,8.249206253898857e-11,0.0,Cycling
Only SEI,189,3.532884665250419e-08,8.230175514194303e-11,0.0,Cycling
Only SEI,190,3.541095918790568e-08,8.211253540148872e-11,0.0,Cycling
Only SEI,191,3.549288382470463e-08,8.192463679894881e-11,0.0,Cycling
Only SEI,192,3.5574622025656924e-08,8.173820095229624e-11,0.0,Cycling
Only SEI,193,3.565617482205072e-08,8.155279639379368e-11,0.0,Cycling
Only SEI,194,3.573754354370111e-08,8.136872165038971e-11,0.0,Cycling
Only SEI,195,3.58187290442799e-08,8.118550057879194e-11,0.0,Cycling
Only SEI,196,3.5899732963834884e-08,8.100391955498522e-11,0.0,Cycling
Only SEI,197,3.5980556445187905e-08,8.08234813530205e-11,0.0,Cycling
Only SEI,198,3.606120086678799e-08,8.064442160008627e-11,0.0,Cycling
Only SEI,199,3.614166739989756e-08,8.046653310956784e-11,0.0,Cycling
Only SEI,200,3.6221957177965124e-08,8.028977806756525e-11,0.0,Cycling
No SEI,1,0.0,0.0,0.0,Cycling
No SEI,2,0.0,0.0,0.0,Cycling
No SEI,3,0.0,0.0,0.0,Cycling
No SEI,4,0.0,0.0,0.0,Cycling
No SEI,5,0.0,0.0,0.0,Cycling
No SEI,6,0.0,0.0,0.0,Cycling
No SEI,7,0.0,0.0,0.0,Cycling
No SEI,8,0.0,0.0,0.0,Cycling
No SEI,9,0.0,0.0,0.0,Cycling
No SEI,10,0.0,0.0,0.0,Cycling
No SEI,11,0.0,0.0,0.0,Cycling
No SEI,12,0.0,0.0,0.0,Cycling
No SEI,13,0.0,0.0,0.0,Cycling
No SEI,14,0.0,0.0,0.0,Cycling
No SEI,15,0.0,0.0,0.0,Cycling
No SEI,16,0.0,0.0,0.0,Cycling
No SEI,17,0.0,0.0,0.0,Cycling
No SEI,18,0.0,0.0,0.0,Cycling
No SEI,19,0.0,0.0,0.0,Cycling
No SEI,20,0.0,0.0,0.0,Cycling
No SEI,21,0.0,0.0,0.0,Cycling
No SEI,22,0.0,0.0,0.0,Cycling
No SEI,23,0.0,0.0,0.0,Cycling
No SEI,24,0.0,0.0,0.0,Cycling
No SEI,25,0.0,0.0,0.0,Cycling
No SEI,26,0.0,0.0,0.0,Cycling
No SEI,27,0.0,0.0,0.0,Cycling
No SEI,28,0.0,0.0,0.0,Cycling
No SEI,29,0.0,0.0,0.0,Cycling
No SEI,30,0.0,0.0,0.0,Cycling
No SEI,31,0.0,0.0,0.0,Cycling
No SEI,32,0.0,0.0,0.0,Cycling
No SEI,33,0.0,0.0,0.0,Cycling
No SEI,34,0.0,0.0,0.0,Cycling
No SEI,35,0.0,0.0,0.0,Cycling
No SEI,36,0.0,0.0,0.0,Cycling
No SEI,37,0.0,0.0,0.0,Cycling
No SEI,38,0.0,0.0,0.0,Cycling
No SEI,39,0.0,0.0,0.0,Cycling
No SEI,40,0.0,0.0,0.0,Cycling
No SEI,41,0.0,0.0,0.0,Cycling
No SEI,42,0.0,0.0,0.0,Cycling
No SEI,43,0.0,0.0,0.0,Cycling
No SEI,44,0.0,0.0,0.0,Cycling
No SEI,45,0.0,0.0,0.0,Cycling
No SEI,46,0.0,0.0,0.0,Cycling
No SEI,47,0.0,0.0,0.0,Cycling
No SEI,48,0.0,0.0,0.0,Cycling
No SEI,49,0.0,0.0,0.0,Cycling
No SEI,50,0.0,0.0,0.0,Cycling
No SEI,51,0.0,0.0,0.0,Post-Rest (96hr)
No SEI,52,0.0,0.0,0.0,Cycling
No SEI,53,0.0,0.0,0.0,Cycling
No SEI,54,0.0,0.0,0.0,Cycling
No SEI,55,0.0,0.0,0.0,Cycling
No SEI,56,0.0,0.0,0.0,Cycling
No SEI,57,0.0,0.0,0.0,Cycling
No SEI,58,0.0,0.0,0.0,Cycling
No SEI,59,0.0,0.0,0.0,Cycling
No SEI,60,0.0,0.0,0.0,Cycling
No SEI,61,0.0,0.0,0.0,Cycling
No SEI,62,0.0,0.0,0.0,Cycling
No SEI,63,0.0,0.0,0.0,Cycling
No SEI,64,0.0,0.0,0.0,Cycling
No SEI,65,0.0,0.0,0.0,Cycling
No SEI,66,0.0,0.0,0.0,Cycling
No SEI,67,0.0,0.0,0.0,Cycling
No SEI,68,0.0,0.0,0.0,Cycling
No SEI,69,0.0,0.0,0.0,Cycling
No SEI,70,0.0,0.0,0.0,Cycling
No SEI,71,0.0,0.0,0.0,Cycling
No SEI,72,0.0,0.0,0.0,Cycling
No SEI,73,0.0,0.0,0.0,Cycling
No SEI,74,0.0,0.0,0.0,Cycling
No SEI,75,0.0,0.0,0.0,Cycling
No SEI,76,0.0,0.0,0.0,Cycling
No SEI,77,0.0,0.0,0.0,Cycling
No SEI,78,0.0,0.0,0.0,Cycling
No SEI,79,0.0,0.0,0.0,Cycling
No SEI,80,0.0,0.0,0.0,Cycling
No SEI,81,0.0,0.0,0.0,Cycling
No SEI,82,0.0,0.0,0.0,Cycling
No SEI,83,0.0,0.0,0.0,Cycling
No SEI,84,0.0,0.0,0.0,Cycling
No SEI,85,0.0,0.0,0.0,Cycling
No SEI,86,0.0,0.0,0.0,Cycling
No SEI,87,0.0,0.0,0.0,Cycling
No SEI,88,0.0,0.0,0.0,Cycling
No SEI,89,0.0,0.0,0.0,Cycling
No SEI,90,0.0,0.0,0.0,Cycling
No SEI,91,0.0,0.0,0.0,Cycling
No SEI,92,0.0,0.0,0.0,Cycling
No SEI,93,0.0,0.0,0.0,Cycling
No SEI,94,0.0,0.0,0.0,Cycling
No SEI,95,0.0,0.0,0.0,Cycling
No SEI,96,0.0,0.0,0.0,Cycling
No SEI,97,0.0,0.0,0.0,Cycling
No SEI,98,0.0,0.0,0.0,Cycling
No SEI,99,0.0,0.0,0.0,Cycling
No SEI,100,0.0,0.0,0.0,Cycling
No SEI,101,0.0,0.0,0.0,Post-Rest (96hr)
No SEI,102,0.0,0.0,0.0,Cycling
No SEI,103,0.0,0.0,0.0,Cycling
No SEI,104,0.0,0.0,0.0,Cycling
No SEI,105,0.0,0.0,0.0,Cycling
No SEI,106,0.0,0.0,0.0,Cycling
No SEI,107,0.0,0.0,0.0,Cycling
No SEI,108,0.0,0.0,0.0,Cycling
No SEI,109,0.0,0.0,0.0,Cycling
No SEI,110,0.0,0.0,0.0,Cycling
No SEI,111,0.0,0.0,0.0,Cycling
No SEI,112,0.0,0.0,0.0,Cycling
No SEI,113,0.0,0.0,0.0,Cycling
No SEI,114,0.0,0.0,0.0,Cycling
No SEI,115,0.0,0.0,0.0,Cycling
No SEI,116,0.0,0.0,0.0,Cycling
No SEI,117,0.0,0.0,0.0,Cycling
No SEI,118,0.0,0.0,0.0,Cycling
No SEI,119,0.0,0.0,0.0,Cycling
No SEI,120,0.0,0.0,0.0,Cycling
No SEI,121,0.0,0.0,0.0,Cycling
No SEI,122,0.0,0.0,0.0,Cycling
No SEI,123,0.0,0.0,0.0,Cycling
No SEI,124,0.0,0.0,0.0,Cycling
No SEI,125,0.0,0.0,0.0,Cycling
No SEI,126,0.0,0.0,0.0,Cycling
No SEI,127,0.0,0.0,0.0,Cycling
No SEI,128,0.0,0.0,0.0,Cycling
No SEI,129,0.0,0.0,0.0,Cycling
No SEI,130,0.0,0.0,0.0,Cycling
No SEI,131,0.0,0.0,0.0,Cycling
No SEI,132,0.0,0.0,0.0,Cycling
No SEI,133,0.0,0.0,0.0,Cycling
No SEI,134,0.0,0.0,0.0,Cycling
No SEI,135,0.0,0.0,0.0,Cycling
No SEI,136,0.0,0.0,0.0,Cycling
No SEI,137,0.0,0.0,0.0,Cycling
No SEI,138,0.0,0.0,0.0,Cycling
No SEI,139,0.0,0.0,0.0,Cycling
No SEI,140,0.0,0.0,0.0,Cycling
No SEI,141,0.0,0.0,0.0,Cycling
No SEI,142,0.0,0.0,0.0,Cycling
No SEI,143,0.0,0.0,0.0,Cycling
No SEI,144,0.0,0.0,0.0,Cycling
No SEI,145,0.0,0.0,0.0,Cycling
No SEI,146,0.0,0.0,0.0,Cycling
No SEI,147,0.0,0.0,0.0,Cycling
No SEI,148,0.0,0.0,0.0,Cycling
No SEI,149,0.0,0.0,0.0,Cycling
No SEI,150,0.0,0.0,0.0,Cycling
No SEI,151,0.0,0.0,0.0,Post-Rest (96hr)
No SEI,152,0.0,0.0,0.0,Cycling
No SEI,153,0.0,0.0,0.0,Cycling
No SEI,154,0.0,0.0,0.0,Cycling
No SEI,155,0.0,0.0,0.0,Cycling
No SEI,156,0.0,0.0,0.0,Cycling
No SEI,157,0.0,0.0,0.0,Cycling
No SEI,158,0.0,0.0,0.0,Cycling
No SEI,159,0.0,0.0,0.0,Cycling
No SEI,160,0.0,0.0,0.0,Cycling
No SEI,161,0.0,0.0,0.0,Cycling
No SEI,162,0.0,0.0,0.0,Cycling
No SEI,163,0.0,0.0,0.0,Cycling
No SEI,164,0.0,0.0,0.0,Cycling
No SEI,165,0.0,0.0,0.0,Cycling
No SEI,166,0.0,0.0,0.0,Cycling
No SEI,167,0.0,0.0,0.0,Cycling
No SEI,168,0.0,0.0,0.0,Cycling
No SEI,169,0.0,0.0,0.0,Cycling
No SEI,170,0.0,0.0,0.0,Cycling
No SEI,171,0.0,0.0,0.0,Cycling
No SEI,172,0.0,0.0,0.0,Cycling
No SEI,173,0.0,0.0,0.0,Cycling
No SEI,174,0.0,0.0,0.0,Cycling
No SEI,175,0.0,0.0,0.0,Cycling
No SEI,176,0.0,0.0,0.0,Cycling
No SEI,177,0.0,0.0,0.0,Cycling
No SEI,178,0.0,0.0,0.0,Cycling
No SEI,179,0.0,0.0,0.0,Cycling
No SEI,180,0.0,0.0,0.0,Cycling
No SEI,181,0.0,0.0,0.0,Cycling
No SEI,182,0.0,0.0,0.0,Cycling
No SEI,183,0.0,0.0,0.0,Cycling
No SEI,184,0.0,0.0,0.0,Cycling
No SEI,185,0.0,0.0,0.0,Cycling
No SEI,186,0.0,0.0,0.0,Cycling
No SEI,187,0.0,0.0,0.0,Cycling
No SEI,188,0.0,0.0,0.0,Cycling
No SEI,189,0.0,0.0,0.0,Cycling
No SEI,190,0.0,0.0,0.0,Cycling
No SEI,191,0.0,0.0,0.0,Cycling
No SEI,192,0.0,0.0,0.0,Cycling
No SEI,193,0.0,0.0,0.0,Cycling
No SEI,194,0.0,0.0,0.0,Cycling
No SEI,195,0.0,0.0,0.0,Cycling
No SEI,196,0.0,0.0,0.0,Cycling
No SEI,197,0.0,0.0,0.0,Cycling
No SEI,198,0.0,0.0,0.0,Cycling
No SEI,199,0.0,0.0,0.0,Cycling
No SEI,200,0.0,0.0,0.0,Cycling
