SEI Model,Initial SOC,Days,Voltage Before (V),Voltage After (V),Delta V (V),SEI Thickness (m),Loss of Lithium Inventory (%),SEI rxn rate
reaction limited,0.3,2,3.6970511447928187,3.697044049005841,7.0957869775511995e-06,5.4862063501234855e-09,0.00667508941774031,1e-12
reaction limited,0.3,3,3.6970511445837304,3.697040508445122,1.0636138608521861e-05,5.729284320407271e-09,0.010012288090251786,1e-12
reaction limited,0.3,4,3.697051144360067,3.697036970437913,1.4173922154192553e-05,5.97234552928395e-09,0.013349256649291874,1e-12
reaction limited,0.3,5,3.697051144723631,3.697033432438875,1.7712284755777574e-05,6.215389926163876e-09,0.016685994446248742,1e-12
reaction limited,0.3,6,3.6970511446336087,3.6970299022009794,2.1242432629353658e-05,6.458417614937062e-09,0.020022502767247374,1e-12
reaction limited,0.3,7,3.6970511445327023,3.697026372244368,2.4772288334418135e-05,6.701428558982911e-09,0.0233587812930125,1e-12
reaction limited,0.3,8,3.697051144408073,3.6970228443018156,2.8300106257539426e-05,6.944422780585841e-09,0.026694830124867508,1e-12
reaction limited,0.3,9,3.697051144286009,3.6970193193232266,3.182496278242297e-05,7.187400184209516e-09,0.030030648143025473,1e-12
reaction limited,0.3,10,3.6970511441680767,3.697015796937312,3.534723076459301e-05,7.430361077413569e-09,0.03336623946474049,1e-12
reaction limited,0.3,11,3.697051144527179,3.697012276902739,3.886762444027525e-05,7.67330522782065e-09,0.03670160095256847,1e-12
reaction limited,0.3,12,3.6970511444503162,3.6970087595546732,4.238489564301062e-05,7.91623260316362e-09,0.0400367320976045,1e-12
reaction limited,0.3,13,3.6970511443769327,3.697005244730695,4.589964623757936e-05,8.159143289123169e-09,0.04337163416147405,1e-12
reaction limited,0.3,14,3.697051144305137,3.6970017326520273,4.9411653109565634e-05,8.402037570410942e-09,0.046706311031712744,1e-12
reaction limited,0.3,15,3.6970511442252953,3.6969982229360374,5.292128925793449e-05,8.644914637863637e-09,0.05004075147923004,1e-12
reaction limited,0.3,16,3.6970511441294156,3.6969947157966176,5.642833279795312e-05,8.88777568631102e-09,0.05337497204921249,1e-12
reaction limited,0.3,17,3.6970511440455693,3.6969912111644256,5.9932881143698324e-05,9.130620075135464e-09,0.05670896387931634,1e-12
reaction limited,0.3,18,3.697051144373388,3.696987709342949,6.343503043915177e-05,9.373447776535804e-09,0.06004272665541066,1e-12
reaction limited,0.3,19,3.6970511443120726,3.696984209464819,6.693484725373011e-05,9.616259163478771e-09,0.06337626534512708,1e-12
reaction limited,0.3,20,3.697051144261507,3.696980712527929,7.043173357779153e-05,9.859053613951018e-09,0.06670957159758473,1e-12
reaction limited,0.3,21,3.6970511441970744,3.696977217840755,7.39263563191983e-05,1.010183173654603e-08,0.07004265374571617,1e-12
reaction limited,0.3,22,3.697051144147128,3.6969737259937494,7.74181533786944e-05,1.034459241846461e-08,0.07337549640875807,1e-12
reaction limited,0.3,23,3.6970511440590936,3.696970237108202,8.090695089180144e-05,1.0587338060933152e-08,0.0767081325596024,1e-12
reaction limited,0.3,24,3.6970511440010863,3.696966749594364,8.43944067221436e-05,1.083006573764321e-08,0.08004052209405188,1e-12
reaction limited,0.3,25,3.697051143941903,3.6969632653016133,8.787864028958481e-05,1.1072777352021153e-08,0.08337269110560896,1e-12
reaction limited,0.3,26,3.6970511438785896,3.6969597828275087,9.136105108087378e-05,1.1315473255877875e-08,0.08670464439876469,1e-12
reaction limited,0.3,27,3.6970511441869682,3.6969563033279336,9.484085903466166e-05,1.1558152031288905e-08,0.09003636261550696,1e-12
reaction limited,0.3,28,3.6970511441412652,3.696952826965587,9.831717567809761e-05,1.1800814320172551e-08,0.09336785440962103,1e-12
reaction limited,0.3,29,3.697051144073164,3.6969493522831893,0.00010179178997482552,1.2043460460298664e-08,0.09669912452605445,1e-12
reaction limited,0.3,30,3.6970511440306586,3.696945880617057,0.0001052634136016195,1.2286089169844423e-08,0.10003015527848902,1e-12
reaction limited,0.3,31,3.697051143980865,3.696942410678987,0.00010873330187788355,1.2528702188453745e-08,0.10336097069519212,1e-12
reaction limited,0.3,32,3.697051143940053,3.696938943116526,0.00011220082352680905,1.277130031070711e-08,0.10669158155103275,1e-12
reaction limited,0.3,33,3.69705114388266,3.696935478325348,0.00011566555731201689,1.301387985775004e-08,0.11002193751878053,1e-12
reaction limited,0.3,34,3.697051143827327,3.696932016447417,0.0001191273799099335,1.3256443252088909e-08,0.11335207148469806,1e-12
reaction limited,0.3,35,3.6970511437616604,3.6969285628027975,0.00012258095886297227,1.3498989082094187e-08,0.11668196317202728,1e-12
reaction limited,0.3,36,3.6970511436992823,3.6969250997677445,0.00012604393153781146,1.3741521450724889e-08,0.12001167262289414,1e-12
reaction limited,0.3,37,3.6970511440009854,3.696921644839238,0.00012949916174731513,1.3984035889781376e-08,0.12334113463836616,1e-12
reaction limited,0.3,38,3.6970511439628457,3.696918192351056,0.00013295161178961123,1.4226533898869133e-08,0.1266703711154662,1e-12
reaction limited,0.3,39,3.6970511439265468,3.6969147421923365,0.00013640173421025636,1.446901722651861e-08,0.12999940596648685,1e-12
reaction limited,0.3,40,3.6970511438744755,3.6969112951661396,0.00013984870833594343,1.4711482800930195e-08,0.13332819709887644,1e-12
reaction limited,0.3,41,3.6970511438256954,3.6969078497388033,0.00014329408689217615,1.495393172156694e-08,0.13665675956454493,1e-12
reaction limited,0.3,42,3.697051143780839,3.6969044078523208,0.00014673592851810469,1.5196365469008327e-08,0.1399851137279171,1e-12
reaction limited,0.3,43,3.6970511437288547,3.6969009670226054,0.00015017670624928314,1.5438782833467086e-08,0.14331324303961424,1e-12
reaction limited,0.3,44,3.6970511436952034,3.696897530220088,0.00015361347511522183,1.56811836760919e-08,0.14664114548520502,1e-12
reaction limited,0.3,45,3.6970511436314615,3.6968940934100414,0.0001570502214200964,1.5923567473021763e-08,0.14996881395801154,1e-12
reaction limited,0.3,46,3.697051143581917,3.6968906608645,0.00016048271741730957,1.616593535551963e-08,0.1532962638667641,1e-12
reaction limited,0.3,47,3.6970511435281947,3.696887230105071,0.0001639134231239403,1.6408285689987767e-08,0.15662347288305511,1e-12
reaction limited,0.3,48,3.6970511438435993,3.696883802165899,0.00016734167770016128,1.6650621496491455e-08,0.15995048243024712,1e-12
reaction limited,0.3,49,3.697051143799831,3.6968803759963293,0.00017076780350144816,1.6892941966270492e-08,0.16327728138136877,1e-12
reaction limited,0.3,50,3.697051143758463,3.6968769523702454,0.00017419138821761493,1.7135243135941723e-08,0.16660381544296854,1e-12
reaction limited,0.3,51,3.697051143715873,3.6968735315686505,0.00017761214722256113,1.7377531225154938e-08,0.169930169982365,1e-12
reaction limited,0.3,52,3.697051143671205,3.696870113490404,0.00018103018080095623,1.7619801573185833e-08,0.1732562808313105,1e-12
reaction limited,0.3,53,3.6970511436247233,3.696866697013112,0.0001844466116112109,1.78620567789154e-08,0.17658218383354551,1e-12
reaction limited,0.3,54,3.69705114359229,3.696863282738286,0.0001878608540040183,1.8104297034731468e-08,0.17990788157331394,1e-12
reaction limited,0.3,55,3.697051143541002,3.6968598719295658,0.0001912716114360613,1.8346517640885847e-08,0.18323330956066286,1e-12
reaction limited,0.3,56,3.6970511434791105,3.6968564623902167,0.00019468108889375557,1.8588724730474854e-08,0.18655855194687376,1e-12
reaction limited,0.3,57,3.6970511434527404,3.6968530556925803,0.0001980877601601705,1.8830914616624154e-08,0.18988355826078873,1e-12
reaction limited,0.3,58,3.6970511434073163,3.6968496514824305,0.00020149192488583267,1.9073088561253967e-08,0.19320834560667777,1e-12
reaction limited,0.3,59,3.6970511433473856,3.696846249006665,0.0002048943407206849,1.931524902147278e-08,0.1965329477766744,1e-12
reaction limited,0.3,60,3.6970511433013553,3.6968428496904817,0.0002082936108736,1.9557389160480876e-08,0.19985727109053641,1e-12
reaction limited,0.3,61,3.6970511436385394,3.6968394525277892,0.00021169111075014513,1.979951367831247e-08,0.20318137994773622,1e-12
reaction limited,0.3,62,3.697051143298144,3.6968360575765233,0.0002150857216207669,2.0041623835476722e-08,0.2065052915259571,1e-12
reaction limited,0.3,63,3.6970511446016263,3.6968326651026113,0.00021847949901498964,2.0283719514053252e-08,0.20982900434569274,1e-12
reaction limited,0.3,64,3.6970511445907013,3.6968292743751228,0.00022187021557851239,2.0525796516123488e-08,0.2131524608141433,1e-12
reaction limited,0.3,65,3.6970511445905867,3.6968258866452084,0.0002252579453783099,2.076785765472974e-08,0.21647569946144074,1e-12
reaction limited,0.3,66,3.6970511445607848,3.6968225006258164,0.00022864393496835334,2.1009905138806876e-08,0.21979875077508382,1e-12
reaction limited,0.3,67,3.6970511445606205,3.6968191177848393,0.00023202677578115782,2.1251931709876494e-08,0.22312151486376308,1e-12
reaction limited,0.3,68,3.6970511445568066,3.696815736730289,0.00023540782651743086,2.1493946958169443e-08,0.22644412347162302,1e-12
reaction limited,0.3,69,3.6970511445376397,3.6968123579926395,0.00023878654500020247,2.1735951601279206e-08,0.22976658660392957,1e-12
reaction limited,0.3,70,3.6970511445327023,3.6968089815159657,0.00024216301673662954,2.197792820382061e-08,0.23308866461026412,1e-12
reaction limited,0.3,71,3.6970511445222423,3.6968056078000853,0.0002455367221569915,2.2219895486095568e-08,0.23641061473617242,1e-12
reaction limited,0.3,72,3.6970511445081797,3.6968022363480855,0.0002489081600942633,2.2461842089170777e-08,0.23973228099990251,1e-12
reaction limited,0.3,73,3.6970511444863154,3.696798866677473,0.0002522778088422939,2.2703777907903393e-08,0.2430537991650823,1e-12
reaction limited,0.3,74,3.6970511444851484,3.6967954995619463,0.00025564492320206966,2.2945698215541396e-08,0.24637510429636222,1e-12
reaction limited,0.3,75,3.6970511444790186,3.6967921346917985,0.00025900978722015466,2.3187606294219262e-08,0.24969624166669746,1e-12
reaction limited,0.3,76,3.6970511444657923,3.6967887728325177,0.0002623716332745829,2.342948585495667e-08,0.2530169874323036,1e-12
reaction limited,0.3,77,3.697051144451865,3.696785412854541,0.0002657315973237928,2.3671359782106078e-08,0.25633765588609947,1e-12
reaction limited,0.3,78,3.697051144438097,3.696782054620079,0.00026908981801820886,2.3913211177668312e-08,0.2596580150773491,1e-12
reaction limited,0.3,79,3.6970511444206355,3.6967786984981443,0.0002724459224912046,2.4155053151801397e-08,0.2629782448585587,1e-12
reaction limited,0.3,80,3.697051144408073,3.6967753454327132,0.0002757989753598977,2.4396871814067046e-08,0.26629815461895134,1e-12
reaction limited,0.9,2,3.903959360784629,3.9037980641413155,0.0001612966433133245,6.286167743746472e-09,0.017657697538112416,1e-12
reaction limited,0.9,3,3.903959361874091,3.9037187885499813,0.00024057332410976073,6.92774744100953e-09,0.026465895606719414,1e-12
reaction limited,0.9,4,3.9039593607923258,3.9036403568222875,0.0003190039700382563,7.568341733232181e-09,0.0352605651268334,1e-12
reaction limited,0.9,5,3.903959359659588,3.903562754622487,0.0003966050371007057,8.207961329579435e-09,0.04404185312043296,1e-12
reaction limited,0.9,6,3.903959360821037,3.903485969297632,0.00047339152340519774,8.846619372308527e-09,0.05280994002643524,1e-12
reaction limited,0.9,7,3.9039593600575273,3.9034099871457464,0.000549372911780921,9.484325079647484e-09,0.06156495237664217,1e-12
reaction limited,0.9,8,3.9039593592653796,3.9033347919572448,0.0006245673081348713,1.0121093982768857e-08,0.07030710343623525,1e-12
reaction limited,0.9,9,3.9039593584763486,3.9032603764721845,0.0006989820041640726,1.0756926639156313e-08,0.07903640084219887,1e-12
reaction limited,0.9,10,3.903959359657862,3.9031867255417723,0.0007726341160898542,1.1391847597618112e-08,0.087753181590557,1e-12
reaction limited,0.9,11,3.903959359062294,3.9031138265228837,0.0008455325394103319,1.2025863199941143e-08,0.09645753277857239,1e-12
reaction limited,0.9,12,3.9039593584683527,3.9030416684340414,0.0009176900343113026,1.2658984353541103e-08,0.10514960416304575,1e-12
reaction limited,0.9,13,3.9039593578786556,3.90297023696601,0.0009891209126453582,1.3291216469199631e-08,0.11382947000798538,1e-12
reaction limited,0.9,14,3.903959357275821,3.9028995225927208,0.0010598346831001138,1.3922564192033652e-08,0.12249719410414173,1e-12
reaction limited,0.9,15,3.903959358462514,3.9028295172842307,0.0011298411782831863,1.4553057136712181e-08,0.13115318298915213,1e-12
reaction limited,0.9,16,3.9039593579835548,3.902760203347906,0.0011991546356489025,1.518269595139485e-08,0.1397974456015163,1e-12
reaction limited,0.9,17,3.9039593575049776,3.902691573024512,0.0012677844804653837,1.581148713597689e-08,0.14843007117582374,1e-12
reaction limited,0.9,18,3.9039593570252693,3.902623618327717,0.0013357386975521024,1.6439418180516277e-08,0.1570508879459851,1e-12
reaction limited,0.9,19,3.903959356541158,3.9025563224044277,0.0014030341367301524,1.7066558347051783e-08,0.16566084681841176,1e-12
reaction limited,0.9,20,3.903959356075692,3.9024896832645934,0.0014696728110985546,1.7692838425733615e-08,0.17425899762127983,1e-12
reaction limited,0.9,21,3.9039593572525613,3.902423684346301,0.0015356729062601104,1.831833772278718e-08,0.18284642910208504,1e-12
reaction limited,0.9,22,3.903959356855591,3.902358313969142,0.0016010428864490223,1.894305535804348e-08,0.1914231292248445,1e-12
reaction limited,0.9,23,3.9039593564526296,3.902293570565145,0.00166578588748445,1.9566933242777445e-08,0.19998830047569527,1e-12
reaction limited,0.9,24,3.903959356067369,3.902229440412091,0.0017299156552779138,2.0190064147294435e-08,0.20854321650352858,1e-12
reaction limited,0.9,25,3.903959355676662,3.9021659109906457,0.0017934446860161657,2.081242125188772e-08,0.21708750909121477,1e-12
reaction limited,0.9,26,3.9039593552780305,3.9021029781902357,0.0018563770877948471,2.1434029935414275e-08,0.22562152664954738,1e-12
reaction limited,0.9,27,3.9039593548823186,3.902040634241215,0.001918720641103544,2.2054812900360664e-08,0.23414420798278002,1e-12
reaction limited,0.9,28,3.903959356060703,3.9019788696449904,0.00198048641571269,2.2674856802550145e-08,0.24265674280624694,1e-12
reaction limited,0.9,29,3.903959355721925,3.9019176631396233,0.0020416925823019128,2.3294228374127852e-08,0.2511600472416262,1e-12
reaction limited,0.9,30,3.9039593553917404,3.9018570256755303,0.0021023297162101606,2.3912792758255295e-08,0.2596522698181758,1e-12
reaction limited,0.9,31,3.903959355058012,3.901796939655905,0.00216241540210671,2.453064011968835e-08,0.26813464849402635,1e-12
reaction limited,0.9,32,3.903959354722923,3.9017373885732987,0.0022219661496243326,2.514783540592995e-08,0.2766080748982631,1e-12
reaction limited,0.9,33,3.903959354379414,3.901678394253013,0.0022809601264013324,2.5764162101395813e-08,0.28506957644631825,1e-12
reaction limited,0.9,34,3.903959354048057,3.901619907464981,0.0023394465830759437,2.6379935530764915e-08,0.2935234822460586,1e-12
reaction limited,0.9,35,3.90395935517407,3.901561950713049,0.002397404461021324,2.699494434558116e-08,0.30196689074726635,1e-12
reaction limited,0.9,36,3.903959354876777,3.901504500328559,0.0024548545482176998,2.7609331770180813e-08,0.31040176819666954,1e-12
reaction limited,0.9,37,3.903959354584691,3.9014475578307066,0.0025117967539842745,2.822297717184441e-08,0.3188264584942999,1e-12
reaction limited,0.9,38,3.9039593542889515,3.9013911062304683,0.0025682480584832135,2.88360530273078e-08,0.32724332951619317,1e-12
reaction limited,0.9,39,3.9039593540093795,3.901335165244464,0.002624188764915658,2.944826658126384e-08,0.3356483620846973,1e-12
reaction limited,0.9,40,3.9039593537073127,3.9012797029696085,0.0026796507377042644,3.005989051805163e-08,0.34404529982823817,1e-12
reaction limited,0.9,41,3.9039593534213877,3.9012247027168514,0.002734650704536268,3.067098067560616e-08,0.35243490934938393,1e-12
reaction limited,0.9,42,3.903959354486063,3.9011701861687476,0.0027891683173155712,3.128126906019098e-08,0.36081351143515406,1e-12
reaction limited,0.9,43,3.9039593542213793,3.901116130331082,0.0028432238902973417,3.189098397753427e-08,0.369184240403456,1e-12
reaction limited,0.9,44,3.9039593539547193,3.901062552537442,0.002896801417277217,3.249982299823794e-08,0.37754294424418333,1e-12
reaction limited,0.9,45,3.9039593537091823,3.901009395026964,0.0029499586822181456,3.31083820045778e-08,0.38589780381546746,1e-12
reaction limited,0.9,46,3.9039593534500243,3.9009566888894773,0.003002664560546986,3.371622341441837e-08,0.3942428115302903,1e-12
reaction limited,0.9,47,3.9039593531892676,3.9009044353595863,0.0030549178296812585,3.4323320982047834e-08,0.40257760711727997,1e-12
reaction limited,0.9,48,3.9039593529501317,3.9008526144438807,0.0031067385062510944,3.492977621321076e-08,0.4109035841308213,1e-12
reaction limited,0.9,49,3.903959352671662,3.9008012192910613,0.0031581333806007805,3.553571241452412e-08,0.4192224353638494,1e-12
reaction limited,0.9,50,3.903959352425306,3.9007502331585275,0.0032091192667782487,3.614110297005117e-08,0.4275337955041607,1e-12
reaction limited,0.9,51,3.903959353473791,3.9006996745421243,0.0032596789316667873,3.674584603767387e-08,0.43583626631235006,1e-12
reaction limited,0.9,52,3.9039593532369317,3.9006495003496893,0.0033098528872423927,3.7350242993652204e-08,0.44413398543477456,1e-12
reaction limited,0.9,53,3.9039593530017918,3.90059976834029,0.0033595846615015468,3.7953579582319116e-08,0.45241714678681433,1e-12
reaction limited,0.9,54,3.903959352778898,3.900550430711082,0.003408922067816178,3.855648506309864e-08,0.4606943894842459,1e-12
reaction limited,0.9,55,3.903959352548692,3.900501491714275,0.0034578608344171258,3.915869242252286e-08,0.46896204786398243,1e-12
reaction limited,0.9,56,3.9039593523057308,3.9004529093073037,0.0035064429984270618,3.976072285150993e-08,0.47722727704439194,1e-12
reaction limited,0.9,57,3.9039593520813676,3.900404726821618,0.0035546252597495887,4.03619612733472e-08,0.4854816328789866,1e-12
reaction limited,0.9,58,3.903959351850765,3.9003569259420727,0.0036024259086921973,4.0962698901405114e-08,0.49372911333449565,1e-12
reaction limited,0.9,59,3.903959352233371,3.9003094910361735,0.003649861197197346,4.156288418739786e-08,0.5019690107435224,1e-12
reaction limited,0.9,60,3.903959351706689,3.90026243219617,0.003696919510518981,4.2162508426237316e-08,0.5102012055818079,1e-12
reaction limited,0.9,61,3.9039593607519283,3.9002157414996557,0.003743619252272623,4.27614762657507e-08,0.5184243887504323,1e-12
reaction limited,0.9,62,3.9039593606728835,3.9001694121215396,0.003789948551343958,4.3359975642796596e-08,0.5266411404062694,1e-12
reaction limited,0.9,63,3.903959360587346,3.9001234177024386,0.0038359428849075172,4.3958115006359427e-08,0.5348529495099683,1e-12
reaction limited,0.9,64,3.903959360514156,3.900077795430084,0.003881565084071781,4.4555380981774706e-08,0.5430527679551176,1e-12
reaction limited,0.9,65,3.9039593604370504,3.9000325087886614,0.003926851648389018,4.515236726467197e-08,0.551248746467877,1e-12
reaction limited,0.9,66,3.9039593603625606,3.89998756703981,0.00397179332275055,4.574878920416376e-08,0.5594369771315968,1e-12
reaction limited,0.9,67,3.903959360279418,3.8999429852785155,0.00401637500090235,4.634431477461852e-08,0.5676129016558775,1e-12
reaction limited,0.9,68,3.90395936020021,3.8998987056148433,0.004060654585366752,4.6939747783368235e-08,0.5757875554086809,1e-12
reaction limited,0.9,69,3.9039593601235403,3.899854778046276,0.004104582077264496,4.753448940537753e-08,0.5839527171655163,1e-12
reaction limited,0.9,70,3.9039593600575273,3.8998111550122605,0.004148205045266806,4.812884020954416e-08,0.5921125134078977,1e-12
reaction limited,0.9,71,3.9039593599730376,3.89976784946985,0.004191510503187779,4.87228527730018e-08,0.6002676660204429,1e-12
reaction limited,0.9,72,3.903959359897267,3.899724868810063,0.004234491087204084,4.9316218155595545e-08,0.6084139334635523,1e-12
reaction limited,0.9,73,3.903959359809487,3.899682216309411,0.004277143500075908,4.9908882225304056e-08,0.6165505726138178,1e-12
reaction limited,0.9,74,3.903959359741564,3.8996398620660404,0.0043194976755236425,5.0501287611866305e-08,0.624683660456796,1e-12
reaction limited,0.9,75,3.9039593596578603,3.899597795511558,0.004361564146302399,5.109335033732517e-08,0.6328120438105032,1e-12
reaction limited,0.9,76,3.9039593595806292,3.8995560617286458,0.0044032978519834565,5.1684578307661954e-08,0.6409289668916074,1e-12
reaction limited,0.9,77,3.903959359493702,3.8995146338346087,0.004444725659093152,5.2275214492234766e-08,0.6490377654264563,1e-12
reaction limited,0.9,78,3.9039593594244533,3.8994734715172106,0.004485887907242692,5.2865671916340236e-08,0.6571441097876516,1e-12
reaction limited,0.9,79,3.9039593593449693,3.899432615525428,0.004526743819541323,5.3455607085039914e-08,0.6652432841278966,1e-12
reaction limited,0.9,80,3.9039593592653796,3.8993920280781316,0.004567331187248058,5.4045344609601243e-08,0.673339745034923,1e-12
solvent-diffusion limited,0.3,2,3.6970511211598756,3.697036652118111,1.4469041764719748e-05,5.992737282461015e-09,0.013629213446165522,0.0
solvent-diffusion limited,0.3,3,3.6970511214198343,3.6970302697296895,2.085169014476307e-05,6.431891573541112e-09,0.0196583287783767,0.0
solvent-diffusion limited,0.3,4,3.697051121214736,3.6970243029108847,2.6818303851428027e-05,6.842904726745364e-09,0.025301096594006367,0.0
solvent-diffusion limited,0.3,5,3.6970511210238914,3.6970186806642333,3.2440359658103546e-05,7.230582207559169e-09,0.030623490772683226,0.0
solvent-diffusion limited,0.3,6,3.697051121249779,3.6970133496176443,3.777163213491974e-05,7.59853796893708e-09,0.03567512700170994,0.0
solvent-diffusion limited,0.3,7,3.697051121119207,3.6970082710129395,4.285010626770003e-05,7.949402461446501e-09,0.04049211849735457,0.0
solvent-diffusion limited,0.3,8,3.69705112099574,3.697003409053181,4.771194255903666e-05,8.285603424480946e-09,0.045107795539678364,0.0
solvent-diffusion limited,0.3,9,3.6970511208419623,3.6969987439584187,5.237688354364778e-05,8.608464643722325e-09,0.04954033227809873,0.0
solvent-diffusion limited,0.3,10,3.6970511206975214,3.6969942494591606,5.6871238360844956e-05,8.919786036426375e-09,0.053814439625867294,0.0
solvent-diffusion limited,0.3,11,3.697051120972638,3.6969899105521407,6.121042049755943e-05,9.220582036395338e-09,0.05794404466057301,0.0
solvent-diffusion limited,0.3,12,3.6970511208704404,3.6969857132117054,6.540765873497278e-05,9.511767174350995e-09,0.061941702925864206,0.0
solvent-diffusion limited,0.3,13,3.69705112076278,3.6969816438187104,6.947694406944649e-05,9.794305343391076e-09,0.06582064763523476,0.0
solvent-diffusion limited,0.3,14,3.6970511206629406,3.6969776888976535,7.343176528706863e-05,1.0069087592775299e-08,0.06959311189729078,0.0
solvent-diffusion limited,0.3,15,3.697051120555918,3.696973841998302,7.727855761574531e-05,1.0336567640701911e-08,0.0732653248201558,0.0
solvent-diffusion limited,0.3,16,3.6970511204313894,3.6969700957105323,8.102472085713686e-05,1.0597230957291798e-08,0.07684395135341049,0.0
solvent-diffusion limited,0.3,17,3.69705112071832,3.696966445706085,8.467501223474727e-05,1.0851358433622658e-08,0.08033284784436034,0.0
solvent-diffusion limited,0.3,18,3.6970511206367043,3.6969628766146565,8.82440220477676e-05,1.1100019699000124e-08,0.08374669915284016,0.0
solvent-diffusion limited,0.3,19,3.6970511205597703,3.6969593894632533,9.173109651694489e-05,1.1343126670013963e-08,0.08708429598863177,0.0
solvent-diffusion limited,0.3,20,3.6970511204630565,3.6969559784035244,9.514205953209398e-05,1.1581092333545717e-08,0.09035130815773584,0.0
solvent-diffusion limited,0.3,21,3.697051120385783,3.696952635549703,9.848483608010383e-05,1.1814427930416227e-08,0.09355475456393947,0.0
solvent-diffusion limited,0.3,22,3.6970511202806353,3.6969493604455343,0.00010175983510096742,1.2043183220256399e-08,0.09669531826061473,0.0
solvent-diffusion limited,0.3,23,3.697051120547385,3.696946151804374,0.00010496874301102466,1.2267430598328506e-08,0.09977399316321112,0.0
solvent-diffusion limited,0.3,24,3.6970511204987,3.696943001899586,0.00010811859911408206,1.2487718734599245e-08,0.10279831199895284,0.0
solvent-diffusion limited,0.3,25,3.697051120416325,3.696939905096961,0.00011121531936408857,1.2704390651711627e-08,0.10577298402075996,0.0
solvent-diffusion limited,0.3,26,3.6970511203365994,3.6969368599992185,0.00011426033738093366,1.291756139730936e-08,0.10869958873578867,0.0
solvent-diffusion limited,0.3,27,3.6970511202633154,3.696933872534535,0.00011724772878052292,1.3126835458079365e-08,0.11157269612924381,0.0
solvent-diffusion limited,0.3,28,3.697051120197468,3.6969309298667072,0.00012019033076082764,1.3333076177615138e-08,0.11440415903730639,0.0
solvent-diffusion limited,0.3,29,3.697051120108398,3.6969280350891047,0.00012308501929325644,1.3536074766412252e-08,0.11719111098159374,0.0
solvent-diffusion limited,0.3,30,3.697051120386515,3.696925180313612,0.00012594007290323006,1.3736336171729312e-08,0.11994048430811688,0.0
solvent-diffusion limited,0.3,31,3.6970511203166003,3.696922375437703,0.00012874487889735775,1.3933248024680207e-08,0.12264387193181392,0.0
solvent-diffusion limited,0.3,32,3.69705112024469,3.696919605749371,0.00013151449531889625,1.4127767320403283e-08,0.12531441237065621,0.0
solvent-diffusion limited,0.3,33,3.6970511201838825,3.6969168733043194,0.00013424687956309356,1.4319759280838567e-08,0.12795025510745006,0.0
solvent-diffusion limited,0.3,34,3.697051120123505,3.6969141837378965,0.0001369363856085215,1.4508852448599282e-08,0.13054630065911965,0.0
solvent-diffusion limited,0.3,35,3.697051120056125,3.696911526992814,0.00013959306331123855,1.4695712798324965e-08,0.13311169191931072,0.0
solvent-diffusion limited,0.3,36,3.6970511199873863,3.6969089052995385,0.0001422146878478081,1.488020349231066e-08,0.13564455037476364,0.0
solvent-diffusion limited,0.3,37,3.6970511199205776,3.6969063185476703,0.00014480137290728834,1.5062303784878887e-08,0.13814459124027678,0.0
solvent-diffusion limited,0.3,38,3.697051120198007,3.6969037629211963,0.00014735727681092214,1.524234220447786e-08,0.14061632479067043,0.0
solvent-diffusion limited,0.3,39,3.697051120130978,3.696901240691193,0.0001498794397849501,1.5420106239001158e-08,0.14305683348847253,0.0
solvent-diffusion limited,0.3,40,3.6970511200851934,3.696898742472518,0.00015237761267528072,1.5596209009280758e-08,0.1454745348320614,0.0
solvent-diffusion limited,0.3,41,3.69705112001282,3.6968962790947186,0.00015484091810158418,1.576997743140876e-08,0.1478601880503163,0.0
solvent-diffusion limited,0.3,42,3.697051119951877,3.6968938392261275,0.00015728072574949792,1.594214921592846e-08,0.150223921185912,0.0
solvent-diffusion limited,0.3,43,3.697051119880336,3.69689142979645,0.00015969008388605488,1.6112229485344597e-08,0.1525589400618088,0.0
solvent-diffusion limited,0.3,44,3.697051119823823,3.69688904697077,0.00016207285305291919,1.628054552591266e-08,0.15486973803768933,0.0
solvent-diffusion limited,0.3,45,3.6970511200914355,3.69688668618108,0.00016443391035547705,1.6447363095461634e-08,0.15715996347006467,0.0
solvent-diffusion limited,0.3,46,3.6970511200381146,3.6968843467853008,0.00016677325281388988,1.661271451670423e-08,0.15943006046714459,0.0
solvent-diffusion limited,0.3,47,3.697051119994148,3.6968820413112438,0.00016907868290427785,1.677575532271429e-08,0.1616684350356934,0.0
solvent-diffusion limited,0.3,48,3.697051119931772,3.6968797526448602,0.0001713672869119165,1.693773557078369e-08,0.1638922493697521,0.0
solvent-diffusion limited,0.3,49,3.6970511198687444,3.6968774856243325,0.0001736342444118577,1.7098130802674587e-08,0.1660943030990154,0.0
solvent-diffusion limited,0.3,50,3.697051119820739,3.6968752439868133,0.0001758758339258648,1.7256891292277717e-08,0.16827391360379806,0.0
solvent-diffusion limited,0.3,51,3.6970511197515217,3.696873022956967,0.00017809679455460525,1.741425314969716e-08,0.17043432241632672,0.0
solvent-diffusion limited,0.3,52,3.697051119692441,3.6968708173189437,0.0001803023734971987,1.7570562624314397e-08,0.17258028306261508,0.0
solvent-diffusion limited,0.3,53,3.697051119635454,3.696868640558646,0.00018247907680812858,1.7724848695986293e-08,0.17469846466266858,0.0
solvent-diffusion limited,0.3,54,3.69705111990719,3.6968664810647196,0.0001846388424704415,1.7878037887924728e-08,0.17680158725259787,0.0
solvent-diffusion limited,0.3,55,3.6970511198616727,3.6968643395229392,0.0001867803387334277,1.8029994441265438e-08,0.17888778701872354,0.0
solvent-diffusion limited,0.3,56,3.6970511198166323,3.6968622138212477,0.00018890599538456954,1.8180811574367835e-08,0.1809583438489284,0.0
solvent-diffusion limited,0.3,57,3.6970511197528233,3.696860112583802,0.00019100716902142878,1.833006500984625e-08,0.18300743269468,0.0
solvent-diffusion limited,0.3,58,3.6970511197086116,3.6968580292693654,0.00019309043924620184,1.8478023489479164e-08,0.18503874331699421,0.0
solvent-diffusion limited,0.3,59,3.697051119657692,3.69685595904173,0.00019516061596203116,1.862514481068354e-08,0.18705856045725966,0.0
solvent-diffusion limited,0.3,60,3.6970511195970888,3.696853903456615,0.00019721614047396585,1.877125692902631e-08,0.18906452245509797,0.0
solvent-diffusion limited,0.3,61,3.6970511195460087,3.6968518707018356,0.0001992488441731055,1.89158221428852e-08,0.1910492471515255,0.0
solvent-diffusion limited,0.3,62,3.6970511195301565,3.6968498455428622,0.00020127398729430368,1.905991637691161e-08,0.19302750580108352,0.0
solvent-diffusion limited,0.3,63,3.697051121219515,3.696847849239808,0.0002032719797071536,1.9202009972849893e-08,0.19497829773926867,0.0
solvent-diffusion limited,0.3,64,3.69705112119908,3.696845854758199,0.00020526644088114665,1.9343983431153153e-08,0.1969274404221153,0.0
solvent-diffusion limited,0.3,65,3.6970511211881436,3.696843886774456,0.00020723441368764028,1.9484118016804752e-08,0.19885133724164916,0.0
solvent-diffusion limited,0.3,66,3.697051121183442,3.6968419229270997,0.00020919825634235778,1.9624064669780286e-08,0.2007726540144148,0.0
solvent-diffusion limited,0.3,67,3.697051121164778,3.696839983689098,0.00021113747567991226,1.9762215230562038e-08,0.20266931239586938,0.0
solvent-diffusion limited,0.3,68,3.6970511211557477,3.6968380507695384,0.00021307038620932417,1.990009651831385e-08,0.20456227394726056,0.0
solvent-diffusion limited,0.3,69,3.6970511211334136,3.6968361378048664,0.00021498332854719138,2.003647025776434e-08,0.2064345385992965,0.0
solvent-diffusion limited,0.3,70,3.697051121119207,3.6968342414658575,0.00021687965334971082,2.0171783509812654e-08,0.20829224375813737,0.0
solvent-diffusion limited,0.3,71,3.697051121111612,3.696832343121732,0.0002187779898799036,2.0307237638179485e-08,0.21015188293489473,0.0
solvent-diffusion limited,0.3,72,3.6970511210948764,3.6968304703672556,0.00022065072762078586,2.0440959178227224e-08,0.21198773556561434,0.0
solvent-diffusion limited,0.3,73,3.6970511210913855,3.6968286075137655,0.00022251357761993162,2.0574015858404283e-08,0.2138144605669936,0.0
solvent-diffusion limited,0.3,74,3.697051121074148,3.6968267616965953,0.00022435937755282964,2.070586325681329e-08,0.21562458335179713,0.0
solvent-diffusion limited,0.3,75,3.6970511210650576,3.696824918519019,0.0002262025460386674,2.0837619321344814e-08,0.21743345213955934,0.0
solvent-diffusion limited,0.3,76,3.6970511210270782,3.696823089956818,0.00022803107026003744,2.096830714310143e-08,0.2192276551520962,0.0
solvent-diffusion limited,0.3,77,3.6970511210283163,3.6968212833641605,0.00022983766415585194,2.109754001693481e-08,0.22100188330163917,0.0
solvent-diffusion limited,0.3,78,3.697051121006264,3.696819472887936,0.0002316481183282093,2.1227071668124804e-08,0.2227802133516832,0.0
solvent-diffusion limited,0.3,79,3.697051121003667,3.696817687957825,0.00023343304584200197,2.135475743295668e-08,0.22453320127493726,0.0
solvent-diffusion limited,0.3,80,3.69705112099574,3.69681591395228,0.00023520704346013943,2.1481812132649303e-08,0.2262775255079248,0.0
solvent-diffusion limited,0.9,2,3.9039593724313146,3.9038346288637644,0.00012474356755021176,5.99274737730458e-09,0.01362935199858839,0.0
solvent-diffusion limited,0.9,3,3.903959373352814,3.9037800659703725,0.0001793073824414293,6.431911405140136e-09,0.01965860098715666,0.0
solvent-diffusion limited,0.9,4,3.9039593724263195,3.903729312134079,0.000230060292240708,6.84290159299177e-09,0.025301053502062132,0.0
solvent-diffusion limited,0.9,5,3.9039593714681065,3.903681702767072,0.00027766870103462793,7.2306246665450224e-09,0.030624073603689794,0.0
solvent-diffusion limited,0.9,6,3.903959370503246,3.9036367619823067,0.0003226085209391272,7.598592934392122e-09,0.03567588150387735,0.0
solvent-diffusion limited,0.9,7,3.9039593718044574,3.9035941230239715,0.00036524878048593834,7.949489375674055e-09,0.040493311618760686,0.0
solvent-diffusion limited,0.9,8,3.9039593711403953,3.9035534802525373,0.00040589088785791816,8.285544674418625e-09,0.045106988966097106,0.0
solvent-diffusion limited,0.9,9,3.9039593704771525,3.903514610796946,0.00044475968020663004,8.608528796331518e-09,0.04954121286127133,0.0
solvent-diffusion limited,0.9,10,3.9039593698053032,3.903477320559229,0.00048204924607420097,8.91973558593698e-09,0.0538137468261084,0.0
solvent-diffusion limited,0.9,11,3.9039593709615126,3.903441440248211,0.0005179307133014177,9.220468705823222e-09,0.05794248856868478,0.0
solvent-diffusion limited,0.9,12,3.903959370458286,3.9034068236973094,0.0005525467609763801,9.511836239422981e-09,0.06194265090920226,0.0
solvent-diffusion limited,0.9,13,3.903959369957067,3.903373379974048,0.000585989983019175,9.794447943174984e-09,0.06582260513629024,0.0
solvent-diffusion limited,0.9,14,3.903959369436471,3.9033409983750054,0.0006183710614657834,1.0069171411670088e-08,0.06959426239178867,0.0
solvent-diffusion limited,0.9,15,3.9039593689425773,3.9033096155966893,0.0006497533458880156,1.0336424829987794e-08,0.07326336391659538,0.0
solvent-diffusion limited,0.9,16,3.9039593684551166,3.903279103055678,0.00068026539943844,1.059723367662144e-08,0.07684398838519257,0.0
solvent-diffusion limited,0.9,17,3.903959369646493,3.9032494718963715,0.0007098977501214243,1.08514181002103e-08,0.080333666681625,0.0
solvent-diffusion limited,0.9,18,3.9039593692440713,3.9032205828663935,0.0007387863776777692,1.1100119188708555e-08,0.08374806470584417,0.0
solvent-diffusion limited,0.9,19,3.9039593688377963,3.903192439626384,0.0007669292114123039,1.1343208704953217e-08,0.08708542187611101,0.0
solvent-diffusion limited,0.9,20,3.903959368432809,3.903164971627861,0.0007943968049479722,1.1581262034220168e-08,0.09035363763764792,0.0
solvent-diffusion limited,0.9,21,3.903959368028094,3.9031381677950048,0.000821200233089403,1.1814339597677593e-08,0.09355354145031924,0.0
solvent-diffusion limited,0.9,22,3.9039593676457107,3.9031119407865376,0.0008474268591731615,1.2043135774317366e-08,0.09669466647170566,0.0
solvent-diffusion limited,0.9,23,3.903959368758956,3.903086290043288,0.0008730787156681075,1.2267590033397102e-08,0.09977618164700175,0.0
solvent-diffusion limited,0.9,24,3.903959368419624,3.903061177562063,0.0008981908575611541,1.2488013548421878e-08,0.10280235903807977,0.0
solvent-diffusion limited,0.9,25,3.9039593680766522,3.903036583686398,0.0009227843902541721,1.2704532501034709e-08,0.10577493101263258,0.0
solvent-diffusion limited,0.9,26,3.903959367760199,3.9030124744091195,0.0009468933510796695,1.2917436291704643e-08,0.10869787068611458,0.0
solvent-diffusion limited,0.9,27,3.9039593674255255,3.9029888154494343,0.000970551976091194,1.3126958052392851e-08,0.11157437869678688,0.0
solvent-diffusion limited,0.9,28,3.9039593671050623,3.902965585484718,0.0009937816203442473,1.3333264131555489e-08,0.11440673892319353,0.0
solvent-diffusion limited,0.9,29,3.903959366767566,3.902942790276021,0.0010165764915450737,1.3536308488955966e-08,0.11719431919165402,0.0
solvent-diffusion limited,0.9,30,3.9039593664270544,3.902920411847367,0.001038954579687612,1.3736142950213042e-08,0.11993783105322109,0.0
solvent-diffusion limited,0.9,31,3.9039593675604234,3.9028983914755795,0.001060976084843901,1.3933378226295762e-08,0.12264565891454993,0.0
solvent-diffusion limited,0.9,32,3.903959367278498,3.902876737691746,0.001082629586751871,1.4127804958683012e-08,0.1253149284873274,0.0
solvent-diffusion limited,0.9,33,3.903959366991638,3.9028554439207745,0.0011039230708633774,1.4319496738184813e-08,0.1279466500779165,0.0
solvent-diffusion limited,0.9,34,3.9039593667216916,3.9028344506447405,0.001124916076951088,1.4508991110268465e-08,0.1305482036620731,0.0
solvent-diffusion limited,0.9,35,3.903959366439153,3.9028138064723974,0.0011455599667558047,1.4695862636740078e-08,0.1331137484173155,0.0
solvent-diffusion limited,0.9,36,3.9039593661554095,3.902793465535895,0.0011659006195143817,1.4880402163912779e-08,0.13564727729279014,0.0
solvent-diffusion limited,0.9,37,3.9039593658721556,3.902773463115835,0.0011859027563208002,1.5062326694721164e-08,0.13814490511450117,0.0
solvent-diffusion limited,0.9,38,3.90395936559059,3.902753746343437,0.0012056192471532334,1.5242132011268206e-08,0.1406134383768176,0.0
solvent-diffusion limited,0.9,39,3.9039593666775,3.9027342597907184,0.0012251068867814574,1.542023817833703e-08,0.14305864420205694,0.0
solvent-diffusion limited,0.9,40,3.903959366432214,3.9027150635924164,0.0012443028397974842,1.559610245057356e-08,0.14547307114260377,0.0
solvent-diffusion limited,0.9,41,3.9039593661843695,3.90269610843115,0.0012632577532194489,1.577015950888931e-08,0.14786268709963224,0.0
solvent-diffusion limited,0.9,42,3.9039593659409686,3.902677411521393,0.0012819544195754595,1.5942334214813894e-08,0.15022646028137387,0.0
solvent-diffusion limited,0.9,43,3.903959365689751,3.9026589847145092,0.001300380975241655,1.6112307307657525e-08,0.15256000773277378,0.0
solvent-diffusion limited,0.9,44,3.9039593654568403,3.9026407732965955,0.0013185921602447692,1.62807033508023e-08,0.15487190398030748,0.0
solvent-diffusion limited,0.9,45,3.9039593651967737,3.90262277189819,0.0013365932985838214,1.644757037954618e-08,0.1571628085343093,0.0
solvent-diffusion limited,0.9,46,3.9039593649533995,3.9026050272826565,0.001354337670743,1.661245208500105e-08,0.15942645666565625,0.0
solvent-diffusion limited,0.9,47,3.903959364717262,3.902587453737965,0.0013719109792971196,1.677606776175002e-08,0.1616727236845179,0.0
solvent-diffusion limited,0.9,48,3.9039593657664526,3.902570083702121,0.0013892820643315318,1.6938084207041414e-08,0.16389703489244312,0.0
solvent-diffusion limited,0.9,49,3.9039593655597917,3.9025530059189197,0.0014063596408719903,1.709782084528258e-08,0.1660900468826867,0.0
solvent-diffusion limited,0.9,50,3.9039593653244262,3.9025360091238874,0.0014233562005387945,1.7257070390010566e-08,0.1682763715134854,0.0
solvent-diffusion limited,0.9,51,3.9039593651196425,3.902519270825116,0.0014400942945265172,1.7414286969172112e-08,0.17043478576596272,0.0
solvent-diffusion limited,0.9,52,3.903959364899312,3.9025026925887607,0.0014566723105513546,1.7570337837814637e-08,0.1725771961483673,0.0
solvent-diffusion limited,0.9,53,3.903959364689668,3.9024862994586114,0.001473065231056836,1.772485149617554e-08,0.17469850211938365,0.0
solvent-diffusion limited,0.9,54,3.9039593644687436,3.902470037136647,0.0014893273320963907,1.7878571278742575e-08,0.17680890916361136,0.0
solvent-diffusion limited,0.9,55,3.903959364246664,3.9024540352257886,0.0015053290208753012,1.8030103797967855e-08,0.17888928740867982,0.0
solvent-diffusion limited,0.9,56,3.9039593640406522,3.9024381944351374,0.0015211696055148494,1.8180384653964186e-08,0.1809524816142556,0.0
solvent-diffusion limited,0.9,57,3.903959363810179,3.90242243097254,0.0015369328376388935,1.8330232280432267e-08,0.18300972811745453,0.0
solvent-diffusion limited,0.9,58,3.903959364857489,3.9024068923964847,0.0015524724610043172,1.8478268335793524e-08,0.18504210367207463,0.0
solvent-diffusion limited,0.9,59,3.9039593640311168,3.902391474335869,0.0015678896952477928,1.862542059072388e-08,0.18706234556360357,0.0
solvent-diffusion limited,0.9,60,3.9039593645941135,3.902376225679798,0.0015831389143157182,1.8771213989068436e-08,0.1890639318835099,0.0
solvent-diffusion limited,0.9,61,3.903959370401317,3.902361095521962,0.001598274879355266,1.891623378350369e-08,0.19105489740724124,0.0
solvent-diffusion limited,0.9,62,3.903959370304273,3.902346152638608,0.0016132176656649122,1.905972917514775e-08,0.19302493449154667,0.0
solvent-diffusion limited,0.9,63,3.903959372251157,3.9023313158455712,0.0016280564055857205,1.920235288408048e-08,0.19498300440235994,0.0
solvent-diffusion limited,0.9,64,3.9039593721949952,3.902316620209545,0.0016427519854502748,1.9344040580224448e-08,0.19692822380491748,0.0
solvent-diffusion limited,0.9,65,3.903959372124662,3.9023020951062164,0.0016572770184457575,1.9484234347470146e-08,0.198852933205643,0.0
solvent-diffusion limited,0.9,66,3.9039593720648393,3.9022876376289917,0.0016717344358476716,1.9624112461748808e-08,0.20077330900782897,0.0
solvent-diffusion limited,0.9,67,3.9039593719985657,3.9022733780950203,0.001685993903545402,1.9762338376244263e-08,0.20267100193720466,0.0
solvent-diffusion limited,0.9,68,3.903959371929481,3.9022591955313857,0.0017001763980952767,1.9899961783829318e-08,0.20456042300386912,0.0
solvent-diffusion limited,0.9,69,3.9039593718681487,3.902245113316537,0.0017142585516118913,2.003689085896598e-08,0.20644031174329314,0.0
solvent-diffusion limited,0.9,70,3.9039593718044574,3.9022312250238427,0.0017281467806147255,2.0172273076316743e-08,0.2082989636585637,0.0
solvent-diffusion limited,0.9,71,3.9039593717406467,3.9022173795722117,0.0017419921684349582,2.030739197698229e-08,0.21015400064202083,0.0
solvent-diffusion limited,0.9,72,3.9039593716738885,3.9022036967740013,0.0017556748998872607,2.0441213017059934e-08,0.21199121930887088,0.0
solvent-diffusion limited,0.9,73,3.9039593715961782,3.9021901347578565,0.0017692368383217527,2.057405983532814e-08,0.21381506303607978,0.0
solvent-diffusion limited,0.9,74,3.9039593715355023,3.9021766717012847,0.0017826998342176381,2.0706081408514884e-08,0.21562757699697954,0.0
solvent-diffusion limited,0.9,75,3.9039593714624994,3.902163306314355,0.0017960651481443435,2.0837544838107534e-08,0.21743242821374054,0.0
solvent-diffusion limited,0.9,76,3.903959371405114,3.9021500235390514,0.0018093478660627937,2.0968281890004735e-08,0.21922730713782812,0.0
solvent-diffusion limited,0.9,77,3.9039593713395995,3.90213689675787,0.0018224745817296828,2.1097719742359902e-08,0.2210043493319631,0.0
solvent-diffusion limited,0.9,78,3.9039593712699956,3.9021238679941446,0.0018355032758510248,2.1226431707174218e-08,0.22277142597516786,0.0
solvent-diffusion limited,0.9,79,3.9039593711955214,3.902110883460976,0.0018484877345454898,2.135494704164747e-08,0.22453580306176946,0.0
solvent-diffusion limited,0.9,80,3.9039593711403953,3.9020980548333517,0.001861316307043559,2.148215561089877e-08,0.22628223969832106,0.0
electron-migration limited,0.3,2,3.6970511525910736,3.6970470815772325,4.071013841144833e-06,5.278892316731215e-09,0.003828891068963003,0.0
electron-migration limited,0.3,3,3.6970511524697818,3.697045127894693,6.02457508858123e-06,5.412936931037103e-09,0.0056691792327967505,0.0
electron-migration limited,0.3,4,3.6970511523484113,3.6970432221849885,7.930163422820158e-06,5.5437366614940265e-09,0.0074649186250610455,0.0
electron-migration limited,0.3,5,3.697051152200165,3.697041361064554,9.791135611170176e-06,5.671515845807708e-09,0.009219189186069343,0.0
electron-migration limited,0.3,6,3.697051152039265,3.6970395417609807,1.1610278284113207e-05,5.796469211810078e-09,0.010934664289081297,0.0
electron-migration limited,0.3,7,3.6970511524331,3.6970377614458405,1.3390987259498388e-05,5.918784529221102e-09,0.012613921835793462,0.0
electron-migration limited,0.3,8,3.6970511523658365,3.6970360177871258,1.5134578710718216e-05,6.038621495422101e-09,0.01425915428484359,0.0
electron-migration limited,0.3,9,3.697051152298811,3.6970343083371535,1.684396165746449e-05,6.156144763229437e-09,0.01587262215682017,0.0
electron-migration limited,0.3,10,3.697051152222387,3.697032631741435,1.852048095196679e-05,6.271436910024915e-09,0.01745545913658475,0.0
electron-migration limited,0.3,11,3.6970511521400304,3.697030985642515,2.01664975154614e-05,6.384679749617791e-09,0.019010161325738295,0.0
electron-migration limited,0.3,12,3.6970511520686724,3.697029368933804,2.1783134868336163e-05,6.4959131107476614e-09,0.020537275558936585,0.0
electron-migration limited,0.3,13,3.6970511520046414,3.6970277798571076,2.337214753378447e-05,6.60529916272154e-09,0.022039028226245705,0.0
electron-migration limited,0.3,14,3.697051151912222,3.6970262170484935,2.4934863728454104e-05,6.712899958299563e-09,0.023516271230420216,0.0
electron-migration limited,0.3,15,3.697051152239651,3.6970246802721585,2.6471967492724957e-05,6.81873631840029e-09,0.024969290429581292,0.0
electron-migration limited,0.3,16,3.6970511521996774,3.6970231657106574,2.798648902002654e-05,6.923074991927632e-09,0.026401748012929716,0.0
electron-migration limited,0.3,17,3.6970511521494016,3.6970216759359733,2.947621342830331e-05,7.025729348882484e-09,0.027811081760418688,0.0
electron-migration limited,0.3,18,3.6970511520979836,3.6970202059576076,3.094614037602028e-05,7.1270568365679945e-09,0.029202198992905437,0.0
electron-migration limited,0.3,19,3.697051152040909,3.6970187588855143,3.23931553944945e-05,7.226820231694052e-09,0.030571842978474706,0.0
electron-migration limited,0.3,20,3.6970511519909657,3.6970173304163865,3.382157457920698e-05,7.325331474182221e-09,0.03192429618096071,0.0
electron-migration limited,0.3,21,3.6970511519429,3.6970159226838124,3.522925908772123e-05,7.422444900456333e-09,0.033257558961111044,0.0
electron-migration limited,0.3,22,3.6970511518748843,3.697014532923946,3.661895093820533e-05,7.518330688109455e-09,0.034573967540453054,0.0
electron-migration limited,0.3,23,3.6970511518073765,3.6970131608027974,3.799100457912985e-05,7.61304021536018e-09,0.035874227268550385,0.0
electron-migration limited,0.3,24,3.6970511517536466,3.697011805984599,3.9345769047738344e-05,7.706578453210006e-09,0.037158406486980766,0.0
electron-migration limited,0.3,25,3.697051152070492,3.6970104664405676,4.0685629924208655e-05,7.79904353865891e-09,0.03842785255058345,0.0
electron-migration limited,0.3,26,3.6970511520373606,3.697009145120184,4.200691717670679e-05,7.890328058344855e-09,0.039681090682549325,0.0
electron-migration limited,0.3,27,3.6970511520099154,3.697007837779511,4.3314230404600806e-05,7.980630400895132e-09,0.040920844566002756,0.0
electron-migration limited,0.3,28,3.697051151948979,3.6970065464519433,4.460549703555472e-05,8.069850567066382e-09,0.04214574134923055,0.0
electron-migration limited,0.3,29,3.6970511519172664,3.69700526966022,4.5882257046603314e-05,8.158119656098065e-09,0.043357580836911325,0.0
electron-migration limited,0.3,30,3.6970511518715834,3.697004005900342,4.714597124122477e-05,8.245501288005323e-09,0.044557236527936084,0.0
electron-migration limited,0.3,31,3.6970511518270537,3.6970027557768903,4.8396050163379556e-05,8.331933242698028e-09,0.04574385414908022,0.0
electron-migration limited,0.3,32,3.6970511517690454,3.6970015189823613,4.9632786684128405e-05,8.417465223751384e-09,0.0469181161311667,0.0
electron-migration limited,0.3,33,3.6970511517337155,3.697000294621845,5.085711187025055e-05,8.502165342616792e-09,0.048080957518294554,0.0
electron-migration limited,0.3,34,3.6970511516741453,3.6969990826648162,5.2069009329080984e-05,8.586051154226516e-09,0.049232619355294105,0.0
electron-migration limited,0.3,35,3.6970511516314595,3.6969978834542148,5.326817724471411e-05,8.669021191884986e-09,0.050371708567297446,0.0
electron-migration limited,0.3,36,3.6970511515904008,3.6969966952912605,5.445629914024863e-05,8.751282436269399e-09,0.051501066814594765,0.0
electron-migration limited,0.3,37,3.697051151534404,3.696995517327812,5.563420659182583e-05,8.832831220036003e-09,0.052620643798206856,0.0
electron-migration limited,0.3,38,3.6970511514849043,3.696994354546164,5.679693874016678e-05,8.913379680633153e-09,0.05372648743748698,0.0
electron-migration limited,0.3,39,3.6970511518494416,3.6969931997693415,5.795208010006547e-05,8.993378771862093e-09,0.054824788717454,0.0
electron-migration limited,0.3,40,3.697051151792907,3.6969920533069947,5.909848591256761e-05,9.07277481898345e-09,0.05591481100930196,0.0
electron-migration limited,0.3,41,3.6970511517737865,3.6969909191295285,6.023264425802921e-05,9.15140119753834e-09,0.056994266469928334,0.0
electron-migration limited,0.3,42,3.6970511517218556,3.696989795835433,6.135588642264267e-05,9.229260167910385e-09,0.0580631862291483,0.0
electron-migration limited,0.3,43,3.6970511516863196,3.6969886794631837,6.247222313593426e-05,9.306691993066517e-09,0.0591262416810423,0.0
electron-migration limited,0.3,44,3.697051151643631,3.696987573952132,6.357769149900605e-05,9.38332592080933e-09,0.060178343100517395,0.0
electron-migration limited,0.3,45,3.697051151611822,3.696986479197739,6.467241408270041e-05,9.45925794039412e-09,0.06122080793659279,0.0
electron-migration limited,0.3,46,3.6970511515651516,3.696985391205853,6.576035929883872e-05,9.534735404835793e-09,0.06225703216649947,0.0
electron-migration limited,0.3,47,3.6970511515182163,3.6969843131201534,6.683839806287395e-05,9.609540685108557e-09,0.06328402806538236,0.0
electron-migration limited,0.3,48,3.6970511514850424,3.6969832339655606,6.791751948176383e-05,9.683925670611105e-09,0.06430525558918987,0.0
electron-migration limited,0.3,49,3.6970511514372313,3.6969821803243654,6.897111286585655e-05,9.757570321494765e-09,0.06531631553690431,0.0
electron-migration limited,0.3,50,3.697051151399931,3.6969811263698613,7.002503006958705e-05,9.830708729019523e-09,0.06632042700989871,0.0
electron-migration limited,0.3,51,3.697051151353967,3.696980081473782,7.106988018490412e-05,9.903252379029964e-09,0.06731637329821183,0.0
electron-migration limited,0.3,52,3.697051151300804,3.696979042576464,7.210872434004756e-05,9.975435931411858e-09,0.06830737569598,0.0
electron-migration limited,0.3,53,3.697051151267667,3.6969780150646008,7.313620306614865e-05,1.0046780414975635e-08,0.06928685865918283,0.0
electron-migration limited,0.3,54,3.6970511512222046,3.696976991918897,7.415930330756382e-05,1.011786606337646e-08,0.07026278799543206,0.0
electron-migration limited,0.3,55,3.697051151178175,3.6969759782085916,7.517296958337027e-05,1.0188329256983934e-08,0.07123017167701562,0.0
electron-migration limited,0.3,56,3.6970511515294247,3.6969749679847244,7.618354470029232e-05,1.0258558269386746e-08,0.07219434036039729,0.0
electron-migration limited,0.3,57,3.697051151509798,3.696973967947256,7.718356254216019e-05,1.0328048851080404e-08,0.07314837117152706,0.0
electron-migration limited,0.3,58,3.697051151489246,3.696972974845081,7.817664416531755e-05,1.039710209845864e-08,0.07409639789126743,0.0
electron-migration limited,0.3,59,3.6970511514457574,3.696971986042706,7.916540305119568e-05,1.0465883285228253e-08,0.07504068949003795,0.0
electron-migration limited,0.3,60,3.697051151415961,3.6969710042916644,8.014712429682547e-05,1.0534123426872807e-08,0.07597755319822852,0.0
electron-migration limited,0.3,61,3.6970511513679822,3.69697003222939,8.111913859210063e-05,1.0601772269636974e-08,0.07690629893957635,0.0
electron-migration limited,0.3,62,3.697051151344798,3.6969690634591204,8.208788567776182e-05,1.0669220970562113e-08,0.07783229686749848,0.0
electron-migration limited,0.3,63,3.6970511524666727,3.696968102603498,8.304986317453356e-05,1.0736047046375677e-08,0.07874974692950332,0.0
electron-migration limited,0.3,64,3.6970511524670924,3.696967145804466,8.400666262620149e-05,1.0802644823807916e-08,0.07966406270681148,0.0
electron-migration limited,0.3,65,3.697051152439921,3.6969661951417048,8.495729821644815e-05,1.086883000117084e-08,0.08057271388059917,0.0
electron-migration limited,0.3,66,3.6970511524679477,3.696965251692713,8.590077523473738e-05,1.0934480238432265e-08,0.0814740209287379,0.0
electron-migration limited,0.3,67,3.6970511524488243,3.6969643152888247,8.683715999957542e-05,1.0999742861650486e-08,0.08237000643913461,0.0
electron-migration limited,0.3,68,3.6970511524502054,3.6969633842622898,8.776818791567109e-05,1.1064562393585138e-08,0.08325990878987,0.0
electron-migration limited,0.3,69,3.697051152433664,3.6969624599341326,8.869249953136205e-05,1.112899365910853e-08,0.08414448067534863,0.0
electron-migration limited,0.3,70,3.6970511524331,3.696961536425299,8.96160078012187e-05,1.1193310118466252e-08,0.08502747636562447,0.0
electron-migration limited,0.3,71,3.697051152430755,3.6969606206063985,9.053182435669882e-05,1.1257135738583513e-08,0.08590373334271817,0.0
electron-migration limited,0.3,72,3.6970511524141685,3.6969597086754478,9.144373872072009e-05,1.1320703483904768e-08,0.08677645006480361,0.0
electron-migration limited,0.3,73,3.6970511524236054,3.69695880571233,9.234671127522631e-05,1.1383669461834955e-08,0.08764090513854228,0.0
electron-migration limited,0.3,74,3.697051152397771,3.6969579056727273,9.324672504362752e-05,1.1446372961944272e-08,0.08850175663647519,0.0
electron-migration limited,0.3,75,3.6970511524044616,3.6969570122497455,9.41401547160936e-05,1.1508725126051945e-08,0.08935778461733435,0.0
electron-migration limited,0.3,76,3.6970511523866625,3.696956122865978,9.502952068451975e-05,1.1570746467139014e-08,0.09020927085003905,0.0
electron-migration limited,0.3,77,3.6970511523800758,3.696955239198571,9.591318150459216e-05,1.1632385174556808e-08,0.0910555039196339,0.0
electron-migration limited,0.3,78,3.697051152372677,3.696954355375917,9.679699675979592e-05,1.1693984288414499e-08,0.09190119334671465,0.0
electron-migration limited,0.3,79,3.6970511523825857,3.6969534817273355,9.76706552502371e-05,1.1754958778981735e-08,0.09273830747774525,0.0
electron-migration limited,0.3,80,3.6970511523658365,3.6969526125520904,9.853981374607912e-05,1.1815606600455356e-08,0.09357093660895544,0.0
electron-migration limited,0.9,2,3.9039594154980994,3.90391506973818,4.434575991929535e-05,5.351209987192008e-09,0.004821734747991968,0.0
electron-migration limited,0.9,3,3.903959414904124,3.9038940585365873,6.535636753657315e-05,5.518399991063708e-09,0.00711707338132328,0.0
electron-migration limited,0.9,4,3.9039594143031806,3.903873716632998,8.569767018240526e-05,5.6806469443925985e-09,0.009344549247117584,0.0
electron-migration limited,0.9,5,3.903959413716892,3.90385398533702,0.00010542837987159714,5.838379506196553e-09,0.011510047377328192,0.0
electron-migration limited,0.9,6,3.9039594131412936,3.9038348210227864,0.00012459211850712748,5.991934564435889e-09,0.013618192904857551,0.0
electron-migration limited,0.9,7,3.9039594145292673,3.9038161726676233,0.00014324186164405006,6.1416727634669425e-09,0.0156739370537764,0.0
electron-migration limited,0.9,8,3.903959414193004,3.9037980141059263,0.0001614000870775456,6.2877843965970994e-09,0.017679892366189165,0.0
electron-migration limited,0.9,9,3.9039594138751745,3.9037803013926977,0.00017911248247681755,6.430608979641563e-09,0.019640720016923296,0.0
electron-migration limited,0.9,10,3.9039594135518954,3.9037630115713498,0.00019640198054560187,6.570296139662076e-09,0.021558474219887103,0.0
electron-migration limited,0.9,11,3.9039594132350945,3.9037461196873657,0.00021329354772881004,6.707050636173316e-09,0.02343596611609655,0.0
electron-migration limited,0.9,12,3.9039594129068362,3.903729588573805,0.0002298243330312033,6.8411281319006084e-09,0.02527670569207885,0.0
electron-migration limited,0.9,13,3.9039594125986916,3.9037134141165266,0.00024599848216499964,6.97256619113083e-09,0.027081208626967168,0.0
electron-migration limited,0.9,14,3.9039594122966412,3.903697568220945,0.0002618440756960716,7.101577186010013e-09,0.028852390611348255,0.0
electron-migration limited,0.9,15,3.9039594135181654,3.9036820369508103,0.0002773765673551587,7.228253600529621e-09,0.030591521285657564,0.0
electron-migration limited,0.9,16,3.9039594132973754,3.90366679306596,0.00029262023141551907,7.3528059781357874e-09,0.03230149124178183,0.0
electron-migration limited,0.9,17,3.903959413076304,3.9036518440545214,0.00030756902178241674,7.475166406603374e-09,0.03398136808466745,0.0
electron-migration limited,0.9,18,3.903959412867451,3.9036371439755406,0.0003222688919102268,7.59569988669932e-09,0.035636162908758706,0.0
electron-migration limited,0.9,19,3.903959412648387,3.9036227164115282,0.0003366962368587245,7.714195500488766e-09,0.037262980036942395,0.0
electron-migration limited,0.9,20,3.903959412441652,3.903608518400146,0.0003508940415057893,7.830994298120967e-09,0.038866501690137056,0.0
electron-migration limited,0.9,21,3.9039594122371657,3.9035945657699873,0.0003648464671783813,7.94599001270217e-09,0.04044526895822287,0.0
electron-migration limited,0.9,22,3.903959412024059,3.903580818058397,0.00037859396566197745,8.059431093502943e-09,0.04200269275605706,0.0
electron-migration limited,0.9,23,3.9039594118075933,3.903567297459979,0.00039211434761421415,8.171206643175371e-09,0.04353725063455727,0.0
electron-migration limited,0.9,24,3.903959411588109,3.903553988846917,0.0004054227411920408,8.281401557096498e-09,0.045050108088190655,0.0
electron-migration limited,0.9,25,3.9039594113860976,3.903540854025892,0.0004185573602057957,8.390317045981939e-09,0.046545400397377534,0.0
electron-migration limited,0.9,26,3.9039594111759133,3.903527917418349,0.0004314937575644606,8.497777499022411e-09,0.04802071664403229,0.0
electron-migration limited,0.9,27,3.9039594123630676,3.9035151728234023,0.00044423953966532537,8.603822063102557e-09,0.049476594253619055,0.0
electron-migration limited,0.9,28,3.903959412214671,3.9035025922277624,0.00045681998690838554,8.70860940788248e-09,0.050915211590194076,0.0
electron-migration limited,0.9,29,3.9039594120464494,3.9034901753363327,0.0004692367101166717,8.812160467767107e-09,0.05233685609280769,0.0
electron-migration limited,0.9,30,3.903959411885209,3.90347792249496,0.0004814893902489459,8.91451003561993e-09,0.05374200536117257,0.0
electron-migration limited,0.9,31,3.903959411731066,3.903465836274777,0.0004935754562889194,9.015674224657614e-09,0.055130880694065354,0.0
electron-migration limited,0.9,32,3.9039594115604794,3.9034538987052407,0.0005055128552386989,9.115664295271967e-09,0.05650363666180169,0.0
electron-migration limited,0.9,33,3.9039594114140934,3.9034421152041237,0.0005172962099697642,9.214556206718736e-09,0.057861316038653854,0.0
electron-migration limited,0.9,34,3.903959411248471,3.9034304562589908,0.0005289549894800238,9.31249518992092e-09,0.059205912759097146,0.0
electron-migration limited,0.9,35,3.903959411085334,3.903418933957548,0.0005404771277861542,9.409439528272973e-09,0.060536854083792946,0.0
electron-migration limited,0.9,36,3.903959410928908,3.9034075544473965,0.0005518564815116811,9.505305538871792e-09,0.06185299111737663,0.0
electron-migration limited,0.9,37,3.9039594107630196,3.9033963170172203,0.0005630937457992147,9.600150684984118e-09,0.06315511279194652,0.0
electron-migration limited,0.9,38,3.903959410618786,3.903385190643613,0.0005742199751730404,9.69411672076101e-09,0.06444516523072252,0.0
electron-migration limited,0.9,39,3.903959410465304,3.9033741746151853,0.0005852358501186039,9.787249762184215e-09,0.06572378152159786,0.0
electron-migration limited,0.9,40,3.9039594102981976,3.903363302344135,0.000596107954062397,9.879339092117964e-09,0.06698806880602604,0.0
electron-migration limited,0.9,41,3.903959410134294,3.903352532289778,0.0006068778445160738,9.97069010105099e-09,0.06824221976506806,0.0
electron-migration limited,0.9,42,3.903959409986669,3.9033418709709427,0.0006175390157263649,1.0061197694141856e-08,0.06948479151307652,0.0
electron-migration limited,0.9,43,3.903959409832823,3.9033313214181122,0.0006280884147109589,1.0150895584134467e-08,0.07071624689062617,0.0
electron-migration limited,0.9,44,3.903959409678647,3.903320869270181,0.000638540408465893,1.0239879136571765e-08,0.07193789520135851,0.0
electron-migration limited,0.9,45,3.9039594095182553,3.903310520983136,0.0006488885351192408,1.0328056573940498e-08,0.07314847641647759,0.0
electron-migration limited,0.9,46,3.9039594107560385,3.9033003031176596,0.0006591076383788419,1.0415265234087586e-08,0.07434575732185067,0.0
electron-migration limited,0.9,47,3.903959410660034,3.9032901293529263,0.0006692813071076387,1.0502164296617837e-08,0.07553878779086176,0.0
electron-migration limited,0.9,48,3.903959410522188,3.903280095822203,0.0006793146999850563,1.0588007237385348e-08,0.07671731889891475,0.0
electron-migration limited,0.9,49,3.903959410396774,3.9032701603796083,0.0006892500171655769,1.0673058355709469e-08,0.07788497910064507,0.0
electron-migration limited,0.9,50,3.9039594102697572,3.903260291775232,0.0006991184945253082,1.0757703018618308e-08,0.07904705912339693,0.0
electron-migration limited,0.9,51,3.903959410137017,3.9032505046642436,0.00070890547277358,1.0841719912187967e-08,0.08020052058526517,0.0
electron-migration limited,0.9,52,3.9039594100193904,3.9032408113177484,0.000718598701642037,1.0925005081174324e-08,0.08134393624287384,0.0
electron-migration limited,0.9,53,3.903959409884531,3.9032312440783645,0.0007281658061666363,1.1007413514854448e-08,0.08247531521270446,0.0
electron-migration limited,0.9,54,3.9039594097678374,3.903221703363954,0.0007377064038833758,1.1089545189584977e-08,0.08360289461825232,0.0
electron-migration limited,0.9,55,3.903959409629465,3.9032122646307412,0.0007471449987237477,1.1170965114228119e-08,0.08472070242626728,0.0
electron-migration limited,0.9,56,3.90395940951631,3.9032029074914467,0.0007565020248634369,1.1251702087926333e-08,0.08582913409082948,0.0
electron-migration limited,0.9,57,3.9039594093911294,3.903193640618553,0.0007657687725766138,1.133182249431856e-08,0.08692910097857975,0.0
electron-migration limited,0.9,58,3.9039594092568803,3.903184433956194,0.0007749753006862647,1.1411480024165585e-08,0.08802271302624831,0.0
electron-migration limited,0.9,59,3.9039594082904117,3.9031752873142542,0.0007841209761574319,1.1490738127447568e-08,0.08911084143177561,0.0
electron-migration limited,0.9,60,3.9039594093172885,3.903166232635566,0.0007931766817224073,1.156925383734038e-08,0.09018877747288911,0.0
electron-migration limited,0.9,61,3.903959413084368,3.9031572450008043,0.0008021680835637035,1.164729712472648e-08,0.09126022769586939,0.0
electron-migration limited,0.9,62,3.903959413023968,3.9031483297163403,0.0008110833076275803,1.1724768478534684e-08,0.09232382598204936,0.0
electron-migration limited,0.9,63,3.90395941474791,3.903139509288727,0.0008199054591830901,1.1801515758112697e-08,0.09337748340850283,0.0
electron-migration limited,0.9,64,3.9039594147215686,3.9031306973579882,0.0008287173635803669,1.1878215845491894e-08,0.09443049301775375,0.0
electron-migration limited,0.9,65,3.9039594146820855,3.9031220122777865,0.0008374024042989703,1.1953924080277524e-08,0.09546988544556712,0.0
electron-migration limited,0.9,66,3.9039594146559455,3.9031133344234785,0.0008460802324670169,1.2029685269543693e-08,0.09651000492411299,0.0
electron-migration limited,0.9,67,3.903959414616799,3.903104737268853,0.0008546773479460867,1.2104863289908424e-08,0.09754211821164915,0.0
electron-migration limited,0.9,68,3.9039594145894547,3.903096218021455,0.0008631965679999354,1.2179278294591867e-08,0.0985637560337409,0.0
electron-migration limited,0.9,69,3.903959414556165,3.9030877531385633,0.0008716614176016435,1.2253443437934436e-08,0.09958196361777993,0.0
electron-migration limited,0.9,70,3.9039594145292673,3.9030793474718646,0.0008800670574027336,1.2327120235170476e-08,0.10059346661304858,0.0
electron-migration limited,0.9,71,3.9039594144863923,3.9030709752922923,0.000888439194099977,1.240051078326695e-08,0.10160103972572188,0.0
electron-migration limited,0.9,72,3.903959414451374,3.903062718251056,0.000896696200317848,1.2473110702365545e-08,0.10259775843459806,0.0
electron-migration limited,0.9,73,3.9039594144246696,3.9030544815822807,0.0009049328423889058,1.2545444823273668e-08,0.1035908279521891,0.0
electron-migration limited,0.9,74,3.9039594143839578,3.9030462891240854,0.000913125259872416,1.2617527126517585e-08,0.10458044027890878,0.0
electron-migration limited,0.9,75,3.903959414358963,3.9030381956407654,0.0009212187181977249,1.268888338694546e-08,0.10556008479343859,0.0
electron-migration limited,0.9,76,3.9039594143291203,3.903030116036386,0.0009292982927342486,1.2760039937316087e-08,0.10653698759907115,0.0
electron-migration limited,0.9,77,3.903959414293587,3.9030220828179893,0.0009373314755976025,1.2830945270597996e-08,0.1075104414262853,0.0
electron-migration limited,0.9,78,3.903959414261479,3.9030141059571823,0.0009453083042965105,1.2901371336898314e-08,0.10847731551646689,0.0
electron-migration limited,0.9,79,3.903959414226406,3.9030062084966586,0.0009532057297474417,1.2971150717041114e-08,0.10943531113539962,0.0
electron-migration limited,0.9,80,3.903959414193004,3.902998351804802,0.0009610623882019276,1.3040779323306285e-08,0.1103912369301554,0.0
interstitial-diffusion limited,0.3,2,3.6970511638208867,3.6970511620693234,1.7515633388143215e-09,5.000061383959307e-09,8.427459476934018e-07,0.0
interstitial-diffusion limited,0.3,3,3.6970511638208867,3.69705116122166,2.5992266117214058e-09,5.000092075654486e-09,1.264112427179498e-06,0.0
interstitial-diffusion limited,0.3,4,3.6970511638208867,3.697051160358103,3.462783837449024e-09,5.000122767159937e-09,1.6854796740517486e-06,0.0
interstitial-diffusion limited,0.3,5,3.6970511638208867,3.697051159519434,4.301452527499805e-09,5.0001534584760215e-09,2.1068400712920266e-06,0.0
interstitial-diffusion limited,0.3,6,3.6970511638208867,3.6970511586032746,5.217612120134163e-09,5.000184149601898e-09,2.5282054281206e-06,0.0
interstitial-diffusion limited,0.3,7,3.6970511638208867,3.6970511577666834,6.0542033608612655e-09,5.000214840538483e-09,2.9495607236640353e-06,0.0
interstitial-diffusion limited,0.3,8,3.6970511638208867,3.697051157001691,6.819195874641082e-09,5.000245531285812e-09,3.3709118270053295e-06,0.0
interstitial-diffusion limited,0.3,9,3.6970511638208867,3.6970511560764354,7.744451302471589e-09,5.000276221842446e-09,3.7922617366348277e-06,0.0
interstitial-diffusion limited,0.3,10,3.6970511638208867,3.697051155164877,8.65600968680269e-09,5.000306912209888e-09,4.213623469695449e-06,0.0
interstitial-diffusion limited,0.3,11,3.6970511638208867,3.6970511544465614,9.374325316002796e-09,5.000337602388256e-09,4.634977230466575e-06,0.0
interstitial-diffusion limited,0.3,12,3.6970511638208867,3.697051153726361,1.0094525659809506e-08,5.000368292379991e-09,5.056369602129962e-06,0.0
interstitial-diffusion limited,0.3,13,3.6970511638208867,3.697051152642593,1.1178293846114684e-08,5.000398982175462e-09,5.477670853792915e-06,0.0
interstitial-diffusion limited,0.3,14,3.6970511638208867,3.69705115175483,1.206605659831439e-08,5.000429671784783e-09,5.8989940185938394e-06,0.0
interstitial-diffusion limited,0.3,15,3.6970511638208867,3.697051150825451,1.2995435838547564e-08,5.000460361205281e-09,6.32035204262138e-06,0.0
interstitial-diffusion limited,0.3,16,3.6970511638208867,3.697051150201476,1.3619410932363962e-08,5.000491050434558e-09,6.74165870861998e-06,0.0
interstitial-diffusion limited,0.3,17,3.6970511638208867,3.6970511493400506,1.448083608579509e-08,5.000521739478511e-09,7.163059706272179e-06,0.0
interstitial-diffusion limited,0.3,18,3.6970511638208867,3.6970511483869934,1.543389327451905e-08,5.0005524283216285e-09,7.584317302189447e-06,0.0
interstitial-diffusion limited,0.3,19,3.6970511638208867,3.6970511478585877,1.5962299038108085e-08,5.000583116988364e-09,8.005666586541338e-06,0.0
interstitial-diffusion limited,0.3,20,3.6970511638208867,3.6970511468041467,1.7016740017083976e-08,5.000613805460212e-09,8.426989936083373e-06,0.0
interstitial-diffusion limited,0.3,21,3.6970511638208867,3.697051145941745,1.7879141722687564e-08,5.000644493740639e-09,8.848299586361463e-06,0.0
interstitial-diffusion limited,0.3,22,3.6970511638208867,3.697051147848391,1.5972495770455453e-08,5.000675181832925e-09,9.269509746445692e-06,0.0
interstitial-diffusion limited,0.3,23,3.6970511638208867,3.697051144154189,1.9666697603781813e-08,5.00070586972835e-09,9.690959558383838e-06,0.0
interstitial-diffusion limited,0.3,24,3.6970511638208867,3.6970511431117625,2.070912419327442e-08,5.000736557442773e-09,1.0112255438343709e-05,0.0
interstitial-diffusion limited,0.3,25,3.6970511638208867,3.697051142511002,2.1309884523645906e-08,5.00076724496806e-09,1.0533594064554563e-05,0.0
interstitial-diffusion limited,0.3,26,3.6970511638208867,3.6970511415361904,2.228469631049279e-08,5.000797932302644e-09,1.0954890726111444e-05,0.0
interstitial-diffusion limited,0.3,27,3.6970511638208867,3.69705114093438,2.2886506911845572e-08,5.0008286194507935e-09,1.1376177212696348e-05,0.0
interstitial-diffusion limited,0.3,28,3.6970511638208867,3.6970511393819243,2.4438962409334408e-08,5.000859306403294e-09,1.1797404397384526e-05,0.0
interstitial-diffusion limited,0.3,29,3.6970511638208867,3.6970511387417515,2.5079135212990877e-08,5.0008899931756864e-09,1.2218788739914999e-05,0.0
interstitial-diffusion limited,0.3,30,3.6970511638208867,3.6970511382707425,2.555014422256363e-08,5.0009206797454e-09,1.2640076135994605e-05,0.0
interstitial-diffusion limited,0.3,31,3.6970511638208867,3.697051137373899,2.644698771092635e-08,5.000951366121835e-09,1.306139327539313e-05,0.0
interstitial-diffusion limited,0.3,32,3.6970511638208867,3.697051136509717,2.7311169770172228e-08,5.000982052340468e-09,1.3482782122764547e-05,0.0
interstitial-diffusion limited,0.3,33,3.6970511638208867,3.6970511355623277,2.8258559048310872e-08,5.001012738337421e-09,1.3903944875437446e-05,0.0
interstitial-diffusion limited,0.3,34,3.6970511638208867,3.6970511346514363,2.916945041064878e-08,5.001043424148081e-09,1.432524507549715e-05,0.0
interstitial-diffusion limited,0.3,35,3.6970511638208867,3.6970511337937264,3.00271603137503e-08,5.001074109774971e-09,1.4746557667422167e-05,0.0
interstitial-diffusion limited,0.3,36,3.6970511638208867,3.697051133203471,3.0617415713862783e-08,5.0011047952165244e-09,1.5167729984000289e-05,0.0
interstitial-diffusion limited,0.3,37,3.6970511638208867,3.6970511320896655,3.17312212061438e-08,5.001135480454804e-09,1.5589094289225613e-05,0.0
interstitial-diffusion limited,0.3,38,3.6970511638208867,3.6970511313354484,3.2485438339335815e-08,5.0011661655177085e-09,1.6010365072816057e-05,0.0
interstitial-diffusion limited,0.3,39,3.6970511638208867,3.69705113045333,3.3367556717678326e-08,5.001196850404045e-09,1.6431664136007385e-05,0.0
interstitial-diffusion limited,0.3,40,3.6970511638208867,3.697051129533354,3.4287532812982136e-08,5.001227535071451e-09,1.6852909652698145e-05,0.0
interstitial-diffusion limited,0.3,41,3.6970511638208867,3.6970511292131256,3.460776110131292e-08,5.001258219577621e-09,1.7274189232807657e-05,0.0
interstitial-diffusion limited,0.3,42,3.6970511638208867,3.6970511278976814,3.5923205299326355e-08,5.001288903865747e-09,1.7695426095087896e-05,0.0
interstitial-diffusion limited,0.3,43,3.6970511638208867,3.697051127041524,3.677936266655024e-08,5.001319588008748e-09,1.811675770113652e-05,0.0
interstitial-diffusion limited,0.3,44,3.6970511638208867,3.697051126420337,3.74005497683072e-08,5.001350271889413e-09,1.8538053979000324e-05,0.0
interstitial-diffusion limited,0.3,45,3.6970511638208867,3.6970511259503818,3.787050495418498e-08,5.001380955654143e-09,1.8959222018111177e-05,0.0
interstitial-diffusion limited,0.3,46,3.6970511638208867,3.697051123951163,3.9869723522656386e-08,5.001411639166422e-09,1.938046133886928e-05,0.0
interstitial-diffusion limited,0.3,47,3.6970511638208867,3.69705112363119,4.0189696903780714e-08,5.001442322526636e-09,1.980177852090037e-05,0.0
interstitial-diffusion limited,0.3,48,3.6970511638208867,3.6970511223515303,4.1469356393264434e-08,5.001473005704584e-09,2.022302409443455e-05,0.0
interstitial-diffusion limited,0.3,49,3.6970511638208867,3.697051121853967,4.196691971714017e-08,5.001503688665449e-09,2.064422561431911e-05,0.0
interstitial-diffusion limited,0.3,50,3.6970511638208867,3.6970511205760874,4.324479929707081e-08,5.0015343714325495e-09,2.106547887592569e-05,0.0
interstitial-diffusion limited,0.3,51,3.6970511638208867,3.6970511202914276,4.3529459148317073e-08,5.001565054044145e-09,2.1486751620614086e-05,0.0
interstitial-diffusion limited,0.3,52,3.6970511638208867,3.697051118881286,4.493960092943894e-08,5.001595736427688e-09,2.1908033687623174e-05,0.0
interstitial-diffusion limited,0.3,53,3.6970511638208867,3.6970511180255823,4.579530443749036e-08,5.001626418664441e-09,2.2329236102791583e-05,0.0
interstitial-diffusion limited,0.3,54,3.6970511638208867,3.697051117544897,4.6275989706856535e-08,5.001657100717183e-09,2.275051443234588e-05,0.0
interstitial-diffusion limited,0.3,55,3.6970511638208867,3.697051117485655,4.6335231651539743e-08,5.001687782548107e-09,2.3171739158556193e-05,0.0
interstitial-diffusion limited,0.3,56,3.6970511638208867,3.6970511172072444,4.6613642279424994e-08,5.001718464247325e-09,2.3593031073687598e-05,0.0
interstitial-diffusion limited,0.3,57,3.6970511638208867,3.6970511155038257,4.831706101882105e-08,5.001749145663255e-09,2.4014175608044752e-05,0.0
interstitial-diffusion limited,0.3,58,3.6970511638208867,3.697051114325855,4.949503162876567e-08,5.00177982688263e-09,2.4435422133706197e-05,0.0
interstitial-diffusion limited,0.3,59,3.6970511638208867,3.6970511131979853,5.062290142632264e-08,5.001810507984916e-09,2.4856603175749115e-05,0.0
interstitial-diffusion limited,0.3,60,3.6970511638208867,3.6970511127297394,5.109114731283171e-08,5.0018411889131425e-09,2.5277837352177812e-05,0.0
interstitial-diffusion limited,0.3,61,3.6970511638208867,3.6970511117462745,5.207461217793252e-08,5.001871869615909e-09,2.5698992345724037e-05,0.0
interstitial-diffusion limited,0.3,62,3.6970511638208867,3.6970511110474993,5.2773387437810015e-08,5.001902550061844e-09,2.6120324150724628e-05,0.0
interstitial-diffusion limited,0.3,63,3.6970511638208867,3.6970511099254795,5.389540724820563e-08,5.0019332304299325e-09,2.6541451191519627e-05,0.0
interstitial-diffusion limited,0.3,64,3.6970511638208867,3.6970511087304283,5.5090458417339505e-08,5.001963910535018e-09,2.6963127595536207e-05,0.0
interstitial-diffusion limited,0.3,65,3.6970511638208867,3.6970511083561446,5.5464742132471656e-08,5.001994590494079e-09,2.7383840432548823e-05,0.0
interstitial-diffusion limited,0.3,66,3.6970511638208867,3.6970511083938904,5.542699632599124e-08,5.0020252703041594e-09,2.7805196594954396e-05,0.0
interstitial-diffusion limited,0.3,67,3.6970511638208867,3.697051106601122,5.721976492623071e-08,5.0020559498201365e-09,2.8226305332168522e-05,0.0
interstitial-diffusion limited,0.3,68,3.6970511638208867,3.6970511060627143,5.775817246700399e-08,5.002086629140194e-09,2.8647508457879667e-05,0.0
interstitial-diffusion limited,0.3,69,3.6970511638208867,3.697051104289844,5.9531042762017705e-08,5.002117308452524e-09,2.906888065012936e-05,0.0
interstitial-diffusion limited,0.3,70,3.6970511638208867,3.697051104560653,5.926023360913746e-08,5.0021479873912974e-09,2.9489942008353864e-05,0.0
interstitial-diffusion limited,0.3,71,3.6970511638208867,3.6970511027878508,6.103303595850207e-08,5.002178666168523e-09,2.9911057154663467e-05,0.0
interstitial-diffusion limited,0.3,72,3.6970511638208867,3.6970511023428543,6.147803244260786e-08,5.002209344831088e-09,3.0332262184629144e-05,0.0
interstitial-diffusion limited,0.3,73,3.6970511638208867,3.697051101613102,6.220778470122923e-08,5.002240023187918e-09,3.075337926361499e-05,0.0
interstitial-diffusion limited,0.3,74,3.6970511638208867,3.697051100786045,6.303484179071006e-08,5.002270701494151e-09,3.1174717236126526e-05,0.0
interstitial-diffusion limited,0.3,75,3.6970511638208867,3.697051100683936,6.313695077864168e-08,5.0023013794842276e-09,3.159580278122576e-05,0.0
interstitial-diffusion limited,0.3,76,3.6970511638208867,3.6970510991349412,6.468594548891815e-08,5.002332057322684e-09,3.201699341559561e-05,0.0
interstitial-diffusion limited,0.3,77,3.6970511638208867,3.6970510982707756,6.555011111686326e-08,5.0023627350922405e-09,3.24383039753684e-05,0.0
interstitial-diffusion limited,0.3,78,3.6970511638208867,3.69705109597135,6.784953665572857e-08,5.002393412481782e-09,3.285984121248475e-05,0.0
interstitial-diffusion limited,0.3,79,3.6970511638208867,3.697051096804685,6.70162019211773e-08,5.002424089791415e-09,3.328055463214241e-05,0.0
interstitial-diffusion limited,0.3,80,3.6970511638208867,3.6970510943967554,6.942413133259606e-08,5.002454766826998e-09,3.370148456838251e-05,0.0
interstitial-diffusion limited,0.9,2,3.903959437033747,3.90395937321592,6.381782702291616e-08,5.0004308292255485e-09,5.914795508488169e-06,0.0
interstitial-diffusion limited,0.9,3,3.903959437033747,3.9039593414339224,9.55998245011358e-08,5.000646229519072e-09,8.87199659871385e-06,0.0
interstitial-diffusion limited,0.9,4,3.903959437033747,3.9039593093708453,1.2766290158339189e-07,5.000861620266946e-09,1.1829069563873418e-05,0.0
interstitial-diffusion limited,0.9,5,3.903959437033747,3.9039592776557077,1.5937803921062255e-07,5.001077001450412e-09,1.4786006090616866e-05,0.0
interstitial-diffusion limited,0.9,6,3.903959437033747,3.903959246084397,1.9094935010954828e-07,5.001292373096624e-09,1.7742811550647275e-05,0.0
interstitial-diffusion limited,0.9,7,3.903959437033747,3.903959213864871,2.2316887582363165e-07,5.00150773522716e-09,2.0699486114494903e-05,0.0
interstitial-diffusion limited,0.9,8,3.903959437033747,3.903959182312973,2.54720773806838e-07,5.001723087810732e-09,2.3656036546526593e-05,0.0
interstitial-diffusion limited,0.9,9,3.903959437033747,3.9039591497537645,2.8727998246935726e-07,5.001938430889223e-09,2.661245110857635e-05,0.0
interstitial-diffusion limited,0.9,10,3.903959437033747,3.903959118043742,3.1899000507706887e-07,5.0021537643127865e-09,2.9568729345896827e-05,0.0
interstitial-diffusion limited,0.9,11,3.903959437033747,3.9039590852149386,3.5181880830847945e-07,5.002369088205779e-09,3.252489428007266e-05,0.0
interstitial-diffusion limited,0.9,12,3.903959437033747,3.903959055740223,3.812935238656223e-07,5.0025844027642565e-09,3.54809252769428e-05,0.0
interstitial-diffusion limited,0.9,13,3.903959437033747,3.9039590224048277,4.146289191986341e-07,5.002799707566116e-09,3.843680610771116e-05,0.0
interstitial-diffusion limited,0.9,14,3.903959437033747,3.9039589906175873,4.464161595940652e-07,5.003015002872548e-09,4.1392561072939316e-05,0.0
interstitial-diffusion limited,0.9,15,3.903959437033747,3.9039589587187447,4.783150022724669e-07,5.0032302885939536e-09,4.4348189504717084e-05,0.0
interstitial-diffusion limited,0.9,16,3.903959437033747,3.903958928349405,5.086843417601017e-07,5.003445565068711e-09,4.730369096250797e-05,0.0
interstitial-diffusion limited,0.9,17,3.903959437033747,3.9039588964449563,5.405887906206885e-07,5.003660832124071e-09,5.025906030198257e-05,0.0
interstitial-diffusion limited,0.9,18,3.903959437033747,3.9039588625180457,5.745157012349011e-07,5.003876089053398e-09,5.321428591287258e-05,0.0
interstitial-diffusion limited,0.9,19,3.903959437033747,3.9039588291455374,6.078882095472693e-07,5.00409133668109e-09,5.616944851283279e-05,0.0
interstitial-diffusion limited,0.9,20,3.903959437033747,3.9039588029375967,6.340961502537823e-07,5.004306575373968e-09,5.9124354862660766e-05,0.0
interstitial-diffusion limited,0.9,21,3.903959437033747,3.9039587660388837,6.709948632277474e-07,5.0045218034269735e-09,6.207919102507731e-05,0.0
interstitial-diffusion limited,0.9,22,3.903959437033747,3.9039587363597192,7.006740276871426e-07,5.004737022491429e-09,6.503391801970793e-05,0.0
interstitial-diffusion limited,0.9,23,3.903959437033747,3.903958703114977,7.3391876975748e-07,5.004952232182538e-09,6.798850785116883e-05,0.0
interstitial-diffusion limited,0.9,24,3.903959437033747,3.903958667705823,7.693279240328366e-07,5.005167432325077e-09,7.094294514331523e-05,0.0
interstitial-diffusion limited,0.9,25,3.903959437033747,3.90395864035398,7.966797670455605e-07,5.005382622587554e-09,7.389727952045178e-05,0.0
interstitial-diffusion limited,0.9,26,3.903959437033747,3.9039586088543135,8.281794334763504e-07,5.005597803522521e-09,7.68514917695029e-05,0.0
interstitial-diffusion limited,0.9,27,3.903959437033747,3.903958574868019,8.621657281437933e-07,5.005812975121683e-09,7.980553584729932e-05,0.0
interstitial-diffusion limited,0.9,28,3.903959437033747,3.9039585404319315,8.966018154588085e-07,5.006028137417438e-09,8.275948411551326e-05,0.0
interstitial-diffusion limited,0.9,29,3.903959437033747,3.9039585133162307,9.237175162546407e-07,5.006243289447576e-09,8.571326699780002e-05,0.0
interstitial-diffusion limited,0.9,30,3.903959437033747,3.903958481514464,9.55519282808126e-07,5.006458432300695e-09,8.866691845810237e-05,0.0
interstitial-diffusion limited,0.9,31,3.903959437033747,3.9039584507082288,9.863255181485897e-07,5.006673566131816e-09,9.162047928157335e-05,0.0
interstitial-diffusion limited,0.9,32,3.903959437033747,3.9039584164584467,1.0205753002701101e-06,5.006888690191479e-09,9.457387433542408e-05,0.0
interstitial-diffusion limited,0.9,33,3.903959437033747,3.9039583856229934,1.0514107535719575e-06,5.007103804510806e-09,9.752713624777698e-05,0.0
interstitial-diffusion limited,0.9,34,3.903959437033747,3.903958353183752,1.0838499950871494e-06,5.007318909343512e-09,0.00010048029135134584,0.0
interstitial-diffusion limited,0.9,35,3.903959437033747,3.9039583203216797,1.116712067261716e-06,5.0075340051104554e-09,0.00010343331004492029,0.0
interstitial-diffusion limited,0.9,36,3.903959437033747,3.903958291717941,1.145315805750613e-06,5.007749091167336e-09,0.00010638622259762087,0.0
interstitial-diffusion limited,0.9,37,3.903959437033747,3.903958258582871,1.178450875993775e-06,5.007964166769198e-09,0.00010933894577647152,0.0
interstitial-diffusion limited,0.9,38,3.903959437033747,3.903958227086304,1.2099474431259694e-06,5.008179233841895e-09,0.00011229159609627004,0.0
interstitial-diffusion limited,0.9,39,3.903959437033747,3.9039581921300424,1.2449037045669797e-06,5.0083942907252225e-09,0.00011524408505181327,0.0
interstitial-diffusion limited,0.9,40,3.903959437033747,3.9039581634336153,1.2736001315793999e-06,5.008609341101321e-09,0.00011819645064292672,0.0
interstitial-diffusion limited,0.9,41,3.903959437033747,3.903958129736095,1.3072976519090673e-06,5.008824377127108e-09,0.00012114864895806932,0.0
interstitial-diffusion limited,0.9,42,3.903959437033747,3.9039580987546367,1.338279110196794e-06,5.009039405952172e-09,0.00012410076143964943,0.0
interstitial-diffusion limited,0.9,43,3.903959437033747,3.903958065027053,1.3720066940337006e-06,5.009254426933526e-09,0.00012705278075486603,0.0
interstitial-diffusion limited,0.9,44,3.903959437033747,3.9039580372200087,1.3998137382564835e-06,5.009469435201704e-09,0.00013000457094847206,0.0
interstitial-diffusion limited,0.9,45,3.903959437033747,3.9039580042801463,1.432753600649761e-06,5.009684436003902e-09,0.00013295629781850948,0.0
interstitial-diffusion limited,0.9,46,3.903959437033747,3.903957971354374,1.4656793729805884e-06,5.00989942659586e-09,0.0001359078486729004,0.0
interstitial-diffusion limited,0.9,47,3.903959437033747,3.9039579371706106,1.4998631363560833e-06,5.010114409193221e-09,0.00013885932224866337,0.0
interstitial-diffusion limited,0.9,48,3.903959437033747,3.903957906055971,1.5309777761096655e-06,5.01032937931134e-09,0.00014181067089680255,0.0
interstitial-diffusion limited,0.9,49,3.903959437033747,3.903957878092145,1.558941602031183e-06,5.0105443422599805e-09,0.00014476181779343733,0.0
interstitial-diffusion limited,0.9,50,3.903959437033747,3.903957843860821,1.5931729260287852e-06,5.010759294875321e-09,0.00014771286936365868,0.0
interstitial-diffusion limited,0.9,51,3.903959437033747,3.9039578121072074,1.6249265395451573e-06,5.010974237867687e-09,0.0001506638290322826,0.0
interstitial-diffusion limited,0.9,52,3.903959437033747,3.903957783750225,1.6532835220850473e-06,5.011189172046189e-09,0.00015361462220653266,0.0
interstitial-diffusion limited,0.9,53,3.903959437033747,3.9039577460091452,1.6910246016799135e-06,5.011404095893292e-09,0.00015656523220286545,0.0
interstitial-diffusion limited,0.9,54,3.903959437033747,3.9039577198706485,1.7171630983803254e-06,5.011619012590465e-09,0.0001595158341416436,0.0
interstitial-diffusion limited,0.9,55,3.903959437033747,3.903957683378578,1.7536551690788826e-06,5.011833917028415e-09,0.00016246618686466263,0.0
interstitial-diffusion limited,0.9,56,3.903959437033747,3.90395766049269,1.7765410569303697e-06,5.0120488167616954e-09,0.000165416513340233,0.0
interstitial-diffusion limited,0.9,57,3.903959437033747,3.9039576189542635,1.8180794834066205e-06,5.012263701107006e-09,0.00016836668223163542,0.0
interstitial-diffusion limited,0.9,58,3.903959437033747,3.9039575912957734,1.8457379735714596e-06,5.012478576521606e-09,0.00017131662002611847,0.0
interstitial-diffusion limited,0.9,59,3.903959437033747,3.9039575626161707,1.8744175762641646e-06,5.0126934451387975e-09,0.00017426652884466876,0.0
interstitial-diffusion limited,0.9,60,3.903959437033747,3.9039575240500763,1.9129836705822356e-06,5.012908301054144e-09,0.00017721633138023662,0.0
interstitial-diffusion limited,0.9,61,3.903959437033747,3.9039574939655424,1.9430682045573633e-06,5.013123151358461e-09,0.00018016593014635873,0.0
interstitial-diffusion limited,0.9,62,3.903959437033747,3.9039574612831367,1.975750610228033e-06,5.013337989854912e-09,0.00018311543956883725,0.0
interstitial-diffusion limited,0.9,63,3.903959437033747,3.9039574280392166,2.008994530289243e-06,5.013552818502415e-09,0.00018606477715366054,0.0
interstitial-diffusion limited,0.9,64,3.903959437033747,3.9039573955687485,2.041464998381315e-06,5.01376764277489e-09,0.00018901406949112243,0.0
interstitial-diffusion limited,0.9,65,3.903959437033747,3.9039573647692065,2.0722645404092077e-06,5.013982452510398e-09,0.00019196316142711112,0.0
interstitial-diffusion limited,0.9,66,3.903959437033747,3.903957334177428,2.102856318852986e-06,5.014197251680118e-09,0.00019491210781552581,0.0
interstitial-diffusion limited,0.9,67,3.903959437033747,3.9039573091727275,2.1278610193853353e-06,5.014412045444287e-09,0.0001978610051907026,0.0
interstitial-diffusion limited,0.9,68,3.903959437033747,3.903957275366251,2.161667496114461e-06,5.01462682864719e-09,0.00020080971674474313,0.0
interstitial-diffusion limited,0.9,69,3.903959437033747,3.903957244018631,2.1930151157256716e-06,5.0148415996066745e-09,0.0002037582763705359,0.0
interstitial-diffusion limited,0.9,70,3.903959437033747,3.9039572089330625,2.228100684398271e-06,5.0150563619175934e-09,0.00020670676131828714,0.0
interstitial-diffusion limited,0.9,71,3.903959437033747,3.903957180736845,2.256296901759214e-06,5.015271116512409e-09,0.00020965508102221975,0.0
interstitial-diffusion limited,0.9,72,3.903959437033747,3.9039571495391154,2.2874946314921374e-06,5.015485863157029e-09,0.00021260327605432394,0.0
interstitial-diffusion limited,0.9,73,3.903959437033747,3.9039571118708745,2.3251628724629825e-06,5.01570059701983e-09,0.0002155513187460656,0.0
interstitial-diffusion limited,0.9,74,3.903959437033747,3.9039570782221222,2.358811624691981e-06,5.015915320483129e-09,0.0002184992197982183,0.0
interstitial-diffusion limited,0.9,75,3.903959437033747,3.903957052052382,2.3849813648446627e-06,5.016130039203442e-09,0.00022144712013982826,0.0
interstitial-diffusion limited,0.9,76,3.903959437033747,3.9039570171180498,2.4199156971604907e-06,5.01634474458537e-09,0.00022439476654767532,0.0
interstitial-diffusion limited,0.9,77,3.903959437033747,3.903956991438152,2.445595594924299e-06,5.016559442284649e-09,0.00022734234002541598,0.0
interstitial-diffusion limited,0.9,78,3.903959437033747,3.90395695383103,2.483202716785371e-06,5.016774127929485e-09,0.00023028971889971217,0.0
interstitial-diffusion limited,0.9,79,3.903959437033747,3.903956928264855,2.5087688917402318e-06,5.016988808847838e-09,0.00023323706960809432,0.0
interstitial-diffusion limited,0.9,80,3.903959437033747,3.903956881309532,2.5557242149254478e-06,5.01720347610369e-09,0.00023618419430704307,0.0
